,Unnamed: 0,l_office_no,cluster,count,avg_dist,bus_cnt,subway_cnt,park_cnt,school_cnt,tour_cnt,D,F,L,N,O,P,Q,R,S,category
0,1,101,f,9292,3615,0,0,1,0,0,0,0,0,0,0,0,0,0,0,
1,2,102,f,36923,3553,1,1,1,1,0,0,0,0,0,0,0,0,0,0,
2,3,103,f,25447,3591,1,1,1,1,0,0,0,0,0,0,0,0,0,0,
3,4,104,f,25399,3927,1,1,1,1,0,0,0,0,0,0,0,1,0,0,Q
4,5,105,f,15832,3811,1,1,1,1,0,0,0,0,0,0,0,1,0,0,Q
5,6,106,i,41640,4599,1,1,1,1,0,0,0,0,0,0,0,0,0,0,
6,7,107,c,31749,2880,1,0,0,0,0,0,0,0,0,0,0,0,0,0,
7,8,108,f,21160,3731,1,0,1,0,0,0,0,0,0,0,0,1,0,0,Q
8,9,110,f,8822,3570,1,1,1,1,0,0,0,0,1,0,0,0,0,0,N
9,10,111,i,23119,4684,1,1,1,1,0,0,0,0,0,0,0,1,0,0,Q
10,11,112,f,24575,3976,1,1,1,1,0,0,0,0,0,0,0,1,0,0,Q
11,12,113,c,81864,3168,1,1,1,1,0,0,0,0,0,0,0,1,0,0,Q
12,13,114,f,34475,3588,1,1,1,1,0,0,0,0,0,0,0,1,0,0,Q
13,14,115,c,23811,3409,0,1,1,0,0,0,0,0,0,0,1,1,0,0,PQ
14,15,116,c,24332,3113,1,0,1,1,0,0,0,0,0,0,0,0,0,0,
15,16,118,c,20453,3355,1,1,1,1,0,0,0,0,0,0,0,0,0,0,
16,17,119,i,18441,4647,1,1,1,1,0,0,0,0,0,0,0,0,0,0,
17,18,120,c,9236,2933,1,1,1,1,0,0,0,0,0,0,0,0,0,0,
18,19,121,c,10988,2980,1,1,1,1,0,0,0,0,0,0,0,0,0,0,
19,20,122,c,17829,2723,1,1,0,1,0,0,0,0,0,0,0,0,0,0,
20,21,123,h,8099,6645,1,0,0,1,0,0,0,0,0,0,0,0,0,0,
21,22,124,c,23670,2839,1,1,1,1,0,0,0,0,0,0,0,0,0,0,
22,23,125,c,23247,2439,1,1,1,1,0,0,0,0,0,0,0,0,0,0,
23,24,126,c,30561,2735,1,1,0,1,0,0,0,0,0,0,0,0,0,0,
24,25,128,c,25436,3337,1,1,1,1,0,0,0,0,0,0,0,1,0,0,Q
25,26,129,c,17025,3138,1,1,1,1,0,0,0,0,0,0,0,1,0,0,Q
26,27,130,f,21572,3664,1,1,1,1,0,0,0,0,0,0,0,1,0,0,Q
27,28,131,i,15292,4998,1,1,1,1,0,0,0,0,0,0,0,0,0,0,
28,29,132,f,17769,3712,1,1,1,1,0,0,0,0,0,0,0,1,0,0,Q
29,30,133,i,13407,4750,1,1,0,1,0,0,0,0,0,0,0,0,0,0,
30,31,134,c,10697,3343,1,1,0,1,0,0,0,0,0,0,0,1,0,0,Q
31,32,135,c,10512,3226,1,1,0,1,0,0,0,0,0,0,0,1,0,0,Q
32,33,136,b,7037,2619,1,1,0,1,0,0,0,0,0,0,0,0,0,0,
33,34,137,c,9104,3006,1,1,0,1,0,0,0,0,0,0,0,1,0,0,Q
34,35,138,c,13737,2852,1,0,1,1,0,0,0,0,0,0,1,1,0,0,PQ
35,36,139,c,9986,3282,0,0,0,1,0,0,0,0,0,0,0,0,0,0,
36,37,140,c,11237,3104,0,1,0,1,0,0,0,0,0,0,0,0,0,0,
37,38,141,c,13572,3441,0,0,0,0,0,0,0,0,1,0,0,0,0,0,N
38,39,142,c,12985,3305,1,1,1,1,0,0,0,0,0,0,0,0,0,0,
39,40,143,f,15714,3887,1,1,1,1,0,0,0,0,0,0,0,0,0,0,
40,41,144,f,33907,4134,1,1,1,1,0,0,0,0,0,0,0,0,0,0,
41,42,145,c,15528,3347,1,1,1,1,0,0,0,0,0,0,0,0,0,0,
42,43,146,i,26213,5737,1,1,0,1,0,0,0,0,0,0,0,0,0,0,
43,44,147,i,21729,5778,1,1,0,1,0,0,0,0,0,0,0,0,0,0,
44,45,148,i,16278,4863,1,0,0,1,0,0,0,0,0,0,0,0,0,0,
45,46,150,c,20053,3462,1,1,1,0,0,0,0,0,0,0,0,0,0,0,
46,47,151,f,18898,4008,1,1,0,1,0,0,0,0,0,0,0,0,0,0,
47,48,152,i,49735,5631,1,0,0,0,0,0,0,0,0,0,0,0,0,0,
48,49,153,c,27384,3442,1,0,0,1,0,0,0,0,1,0,0,0,0,0,N
49,50,154,f,25536,3543,1,1,0,1,0,0,0,0,0,1,0,0,0,0,O
50,51,155,f,17020,3756,1,1,1,1,0,0,0,0,0,0,0,0,0,0,
51,52,156,c,14696,3443,0,0,1,1,0,0,0,0,0,0,0,0,0,0,
52,53,157,f,18060,3573,0,1,1,1,0,0,0,0,0,0,0,0,0,0,
53,54,158,c,11901,3129,1,0,1,1,1,0,0,0,0,0,0,0,0,0,
54,55,159,c,12661,2978,1,1,0,1,0,0,0,0,0,0,0,0,0,0,
55,56,160,f,10061,4026,1,1,1,1,0,0,0,0,0,0,0,0,0,0,
56,57,161,h,5823,5167,0,1,1,1,0,0,0,0,0,0,0,0,0,0,
57,58,162,c,15691,2535,0,0,0,1,0,0,0,0,0,0,0,0,0,0,
58,59,163,i,8369,4817,0,0,1,1,0,0,0,0,0,0,0,0,0,0,
59,60,164,f,8258,3609,0,0,0,1,0,0,0,0,1,0,0,0,0,0,N
60,61,165,c,13741,3304,0,0,0,1,0,0,0,0,1,1,0,0,0,0,NO
61,62,166,f,20339,4090,1,0,1,1,0,0,0,0,0,0,0,0,0,0,
62,63,167,e,7648,4071,0,0,0,1,0,0,0,0,0,1,0,0,0,0,O
63,64,169,e,6852,3641,0,0,0,1,0,0,0,0,0,1,0,0,0,0,O
64,65,170,i,14544,4537,1,0,1,1,0,0,0,0,1,1,0,0,0,0,NO
65,66,171,b,7121,2620,1,1,1,1,1,0,0,0,0,0,0,0,0,0,
66,67,172,f,10404,3669,0,0,1,0,0,0,0,0,1,0,0,0,0,0,N
67,68,173,c,14587,3228,1,1,1,1,1,0,0,0,0,0,0,0,0,0,
68,69,174,g,2443,4921,0,0,1,0,0,0,0,0,0,0,0,0,0,0,
69,70,175,i,25621,5353,1,0,1,0,0,0,0,0,1,0,0,0,0,0,N
70,71,176,i,16140,5224,0,0,1,0,0,0,0,0,0,0,0,0,0,0,
71,72,177,e,5468,3772,0,0,0,1,0,0,0,0,0,1,0,0,0,0,O
72,73,178,c,8709,3440,0,0,0,1,0,0,0,0,0,0,0,0,0,0,
73,74,179,c,19095,3050,1,1,1,1,0,0,0,0,0,0,0,0,0,0,
74,75,180,c,11781,3216,1,1,1,0,0,0,0,0,0,0,0,0,0,0,
75,76,181,h,3654,7568,0,0,1,0,0,0,0,0,1,1,0,0,0,0,NO
76,77,182,i,19178,5958,1,0,1,0,0,0,0,0,1,1,0,0,0,0,NO
77,78,183,c,37743,3059,1,0,1,1,0,0,0,0,0,1,0,0,0,0,O
78,79,184,c,19585,3250,1,1,0,1,0,0,0,0,0,0,0,0,0,0,
79,80,185,i,17163,4563,0,0,0,1,0,0,0,0,0,1,0,0,0,0,O
80,81,186,i,24407,5410,0,0,1,0,0,0,0,1,1,0,0,0,0,0,LN
81,82,188,i,11107,6558,1,0,1,1,0,0,0,1,1,0,0,0,0,0,LN
82,83,191,c,8612,3462,0,0,0,1,0,0,0,0,0,0,0,0,0,0,
83,84,192,f,9327,3870,1,0,1,0,0,0,0,0,1,1,0,0,0,0,NO
84,85,194,f,20776,4344,1,1,0,0,0,0,0,0,0,1,0,0,0,0,O
85,86,195,c,10598,3086,1,1,1,1,0,0,0,0,1,0,0,0,0,0,N
86,87,196,b,7967,3094,1,0,1,1,0,0,0,0,0,0,0,0,0,0,
87,88,198,f,10098,3686,1,1,1,1,0,0,0,0,0,0,0,0,0,0,
88,89,199,i,13966,4525,0,1,1,0,0,0,0,0,0,0,0,0,1,0,R
89,90,200,i,8988,4578,0,1,1,0,0,0,0,1,0,1,0,0,0,0,LO
90,91,201,i,18483,4929,0,0,1,0,0,0,0,0,0,0,1,0,0,0,P
91,92,202,i,29345,4795,0,0,1,0,0,0,0,0,0,0,1,0,0,0,P
92,93,203,f,18608,3764,0,1,1,0,0,0,0,0,0,0,1,0,0,0,P
93,94,204,f,13969,4333,0,1,1,0,0,0,0,0,0,0,0,0,0,0,
94,95,205,i,19087,5131,0,1,1,0,0,0,0,0,0,0,0,0,0,0,
95,96,206,i,21355,4559,0,1,1,0,0,0,0,0,0,1,0,0,0,0,O
96,97,207,i,93847,5834,0,1,1,1,0,0,0,0,0,0,0,0,0,0,
97,98,209,f,18448,4030,1,0,1,0,0,0,0,0,0,0,0,0,0,0,
98,99,210,f,37076,4425,0,0,1,0,0,0,0,0,0,0,0,0,0,0,
99,100,211,c,33943,3492,0,1,1,1,0,0,0,0,0,0,0,0,0,0,
100,101,212,f,30327,3860,0,1,1,1,0,0,0,0,0,0,0,0,0,0,
101,102,213,c,23467,3135,0,0,1,0,0,0,0,1,1,0,0,0,0,0,LN
102,103,214,f,15552,3860,0,1,1,1,0,0,0,0,0,0,0,0,0,0,
103,104,215,i,12230,5855,0,1,1,1,0,0,0,0,0,0,0,0,1,0,R
104,105,216,f,19586,3682,0,0,1,1,0,0,0,0,0,0,0,0,0,0,
105,106,217,c,19152,3238,1,0,1,0,0,0,0,0,0,0,0,0,0,0,
106,107,218,f,10824,3653,1,0,1,0,0,0,0,0,0,0,0,0,0,0,
107,108,219,c,13779,3358,0,1,1,1,0,0,0,0,0,1,0,0,0,0,O
108,109,220,f,15325,3762,0,1,1,1,0,0,0,0,0,0,0,0,0,0,
109,110,221,f,21098,4057,0,0,1,1,0,0,0,0,1,1,0,0,1,0,NOR
110,111,222,c,32845,3316,0,0,1,1,0,0,0,0,0,0,0,0,1,0,R
111,112,223,c,19118,2631,1,0,1,0,0,0,0,0,0,0,0,0,0,0,
112,113,224,c,22563,2798,1,0,1,1,0,0,0,0,0,0,0,0,0,0,
113,114,225,c,14801,3051,0,1,1,0,0,0,0,0,0,0,0,0,0,0,
114,115,226,f,19191,4020,0,1,1,0,0,0,0,0,0,0,0,0,0,0,
115,116,227,i,12533,6749,0,0,1,0,0,0,0,1,0,0,0,0,1,0,LR
116,117,228,i,24182,4554,0,1,1,1,0,0,0,0,0,0,0,0,0,0,
117,118,229,i,14712,5252,1,1,0,1,0,0,0,0,0,0,0,0,0,0,
118,119,230,c,31153,2622,0,1,0,0,0,0,0,0,0,0,0,0,0,0,
119,120,231,c,8362,2630,1,1,0,1,0,0,0,0,0,0,1,0,0,0,P
120,121,232,f,25702,3874,1,1,0,1,0,0,0,0,0,0,1,0,0,0,P
121,122,233,d,3393,3622,0,0,0,1,0,0,0,0,0,0,1,0,0,0,P
122,123,234,e,5677,3652,1,1,0,1,0,0,0,0,0,0,0,0,0,0,
123,124,235,b,6610,3368,0,0,0,1,0,0,0,1,0,0,0,0,0,0,L
124,125,236,f,11891,3635,1,1,0,1,0,0,0,0,0,0,0,0,0,0,
125,126,237,f,10128,4292,1,0,1,1,0,0,0,0,0,1,0,0,0,0,O
126,127,238,c,21586,2799,0,0,0,1,0,0,0,0,0,0,0,0,0,0,
127,128,239,c,16431,3499,0,1,1,1,0,0,0,0,0,0,0,0,0,0,
128,129,240,c,16317,2892,1,1,0,1,0,0,0,0,0,0,0,0,0,0,
129,130,241,f,9508,4407,1,0,0,0,0,0,0,0,0,0,0,0,0,0,
130,131,242,f,9120,3541,1,0,1,1,0,0,0,0,0,0,0,0,0,0,
131,132,243,c,14184,3380,0,0,0,1,0,0,0,0,0,0,1,0,0,0,P
132,133,244,f,24526,3752,1,0,0,1,0,0,0,0,0,0,0,0,0,0,
133,134,245,c,18449,3444,0,1,0,0,0,0,0,0,0,0,0,0,0,0,
134,135,247,f,40235,4145,1,1,0,1,0,0,0,0,0,0,0,0,0,0,
135,136,248,i,18923,6010,0,0,1,0,0,0,0,0,0,0,1,0,0,0,P
136,137,249,i,13570,6877,0,0,1,1,0,0,0,0,0,0,0,0,0,0,
137,138,250,e,7872,3673,1,0,1,1,0,0,0,0,0,1,1,0,0,0,OP
138,139,251,c,8857,3325,1,0,1,1,0,0,0,0,0,0,1,0,0,0,P
139,140,252,f,12965,3891,1,1,1,1,0,0,0,0,0,0,0,0,0,0,
140,141,253,c,10501,2936,1,1,0,1,0,0,0,0,0,0,0,0,0,0,
141,142,255,b,7251,3496,1,0,0,0,0,0,0,0,0,1,0,0,0,0,O
142,143,256,e,7955,4165,1,0,0,1,0,0,0,0,0,1,0,0,0,0,O
143,144,257,f,18659,3741,0,0,1,1,0,0,0,0,0,0,0,0,0,0,
144,145,258,f,18000,3520,0,1,1,1,0,0,0,0,0,0,0,0,0,0,
145,146,259,f,36687,3555,1,1,1,1,0,0,0,0,0,0,0,0,0,0,
146,147,260,h,7806,6284,0,0,0,0,0,0,0,0,0,0,0,0,0,0,
147,148,262,c,17354,3241,1,0,0,1,0,0,0,0,0,0,0,0,0,0,
148,149,263,c,16916,3404,1,0,0,1,0,0,0,0,0,1,0,0,0,0,O
149,150,264,c,10079,2963,1,0,0,1,0,0,0,0,0,0,0,0,0,0,
150,151,265,c,8577,3201,1,1,0,1,0,0,0,0,0,0,0,0,0,0,
151,152,266,c,18276,3416,1,0,1,0,0,0,0,0,0,0,0,0,0,0,
152,153,267,i,13429,4737,0,1,1,1,0,0,0,0,0,0,0,0,0,0,
153,154,268,f,13680,3777,1,1,1,1,0,0,0,0,0,0,0,0,0,0,
154,155,270,b,7563,3446,1,1,1,0,0,0,0,0,0,0,0,1,0,0,Q
155,156,271,h,7564,4934,0,1,1,1,0,0,0,0,0,0,0,0,0,0,
156,157,272,i,29639,7230,1,1,1,0,0,0,0,0,0,0,0,0,0,0,
157,158,274,i,11022,4713,1,1,1,0,0,1,0,0,0,0,0,1,0,0,DQ
158,159,275,e,6467,4330,1,1,0,1,0,0,0,0,0,0,0,0,0,0,
159,160,276,e,6232,4082,0,0,1,1,0,0,0,0,0,0,0,0,0,0,
160,161,277,h,5392,4628,1,1,1,0,0,1,0,0,0,0,0,1,0,0,DQ
161,162,278,h,5249,5072,0,1,0,0,0,0,0,0,0,1,0,0,0,0,O
162,163,279,e,5336,4128,1,1,1,1,0,1,0,0,0,0,0,0,0,0,D
163,164,280,a,552,3098,1,0,0,1,0,0,0,0,0,0,0,0,0,0,
164,165,281,g,128,6027,1,0,0,1,0,0,0,0,0,0,0,0,0,0,
165,166,282,g,88,4946,1,1,0,1,0,0,0,0,0,0,0,0,0,0,
166,167,283,a,881,3323,1,1,1,1,0,1,0,0,0,0,0,0,0,0,D
167,168,284,a,2000,2966,1,0,1,0,0,1,0,0,0,0,0,0,0,0,D
168,169,285,d,466,3517,1,0,0,1,0,0,0,0,0,0,0,0,0,0,
169,170,286,g,251,7165,1,1,0,1,0,0,0,0,0,0,0,0,0,0,
170,171,287,d,1178,4342,1,1,1,1,0,0,0,0,0,0,0,0,0,0,
171,172,289,a,28,2910,1,0,0,1,0,0,0,0,0,0,0,0,0,0,
172,173,291,d,56,4169,0,0,0,1,0,0,0,0,0,0,0,0,0,0,
173,174,292,a,17,2669,1,0,1,1,0,0,0,0,0,1,0,0,0,0,O
174,175,300,c,20779,2426,1,1,1,1,1,0,0,0,0,1,1,0,0,0,OP
175,176,301,c,21165,2858,1,1,1,0,1,0,0,0,0,0,0,0,0,0,
176,177,302,c,29543,2790,0,1,1,0,1,0,0,0,0,0,0,0,0,0,
177,178,303,c,24137,2503,1,1,1,1,1,0,0,0,0,0,1,0,0,0,P
178,179,304,c,16671,2792,1,1,1,0,1,0,0,0,0,0,0,0,0,0,
179,180,305,c,19671,2894,1,1,1,0,1,0,0,0,0,0,0,0,0,0,
180,181,306,c,16491,2810,1,1,1,1,1,0,0,0,0,0,1,0,0,0,P
181,182,307,c,18303,2595,0,0,1,1,1,0,0,0,0,0,0,0,0,0,
182,183,308,c,12122,2511,1,1,1,1,1,0,0,0,0,0,1,0,0,0,P
183,184,309,c,16588,2965,1,1,1,1,1,0,0,0,0,0,0,0,0,0,
184,185,310,c,14802,2954,1,1,1,1,1,0,0,0,0,0,0,0,0,0,
185,186,311,c,34304,2794,1,1,1,1,1,1,0,0,0,0,0,0,0,0,D
186,187,312,c,24467,2689,1,1,1,0,1,1,0,0,0,0,0,0,0,0,D
187,188,313,c,8879,3090,1,1,1,0,0,0,0,0,0,0,0,0,0,0,
188,189,314,c,22145,2626,0,0,1,1,1,0,0,0,0,0,0,0,0,0,
189,190,315,c,14214,2536,1,1,1,1,1,0,0,0,0,0,0,0,0,0,
190,191,316,c,28047,2644,1,1,1,0,1,0,0,0,0,0,0,1,0,0,Q
191,192,318,c,10064,3223,1,1,1,0,1,1,0,0,0,0,0,1,0,0,DQ
192,193,320,c,21769,3230,1,1,1,0,1,1,0,0,0,0,0,1,0,0,DQ
193,194,321,c,16975,3426,1,1,1,0,1,1,0,0,0,0,0,1,0,0,DQ
194,195,322,f,11822,3586,0,1,1,0,1,0,0,0,0,0,0,1,0,0,Q
195,196,324,f,15107,3635,1,1,1,0,1,1,0,0,0,0,0,1,0,0,DQ
196,197,326,c,21113,2721,1,1,1,1,1,0,0,0,0,0,0,0,0,0,
197,198,327,c,20786,2458,1,1,1,1,1,1,0,0,0,0,0,1,0,0,DQ
198,199,328,c,23249,2845,1,1,1,0,1,1,0,0,0,0,0,1,0,0,DQ
199,200,329,c,21533,3209,1,0,1,0,1,0,0,0,0,0,0,1,0,0,Q
200,201,330,c,10328,2883,1,1,1,0,1,0,0,0,0,0,0,1,0,0,Q
201,202,332,c,11408,2985,1,1,1,0,1,0,0,0,0,0,0,1,0,0,Q
202,203,334,c,26842,2729,1,1,1,0,1,1,0,0,0,0,0,0,0,0,D
203,204,335,c,16408,2956,1,1,1,0,1,1,0,0,0,0,0,0,0,0,D
204,205,336,c,14700,3108,0,1,0,0,0,0,0,0,0,0,0,1,0,0,Q
205,206,337,b,7461,2563,0,0,1,0,1,0,0,0,1,0,0,0,0,0,N
206,207,338,c,22504,2377,1,0,1,0,1,1,0,0,0,0,0,0,0,0,D
207,208,339,c,24070,2518,1,1,1,0,1,1,0,0,0,0,0,0,0,0,D
208,209,340,c,22533,3139,1,1,1,1,1,0,0,0,0,0,0,0,0,0,
209,210,341,c,18969,2728,1,1,1,1,1,0,0,0,0,0,0,1,0,0,Q
210,211,342,c,28349,2892,1,1,1,1,1,0,0,0,0,0,0,0,0,0,
211,212,343,c,9245,2468,1,0,1,1,1,0,0,0,0,0,0,0,0,0,
212,213,344,c,18753,2179,0,1,1,1,1,1,0,0,0,0,0,0,0,0,D
213,214,345,c,15324,2414,1,1,1,1,1,1,0,0,0,0,0,0,0,0,D
214,215,346,c,25732,3308,0,1,1,0,1,1,0,0,0,0,0,0,0,0,D
215,216,347,f,20654,3586,1,1,1,1,1,1,0,0,0,0,0,0,0,0,D
216,217,348,c,10988,3115,1,1,1,1,1,0,0,0,0,0,0,0,0,0,
217,218,349,c,13540,2602,1,0,1,1,1,0,0,0,0,0,1,0,0,0,P
218,219,351,c,14593,3055,0,0,1,1,1,0,0,0,1,0,0,0,0,0,N
219,220,352,b,6428,2684,1,0,1,1,1,0,0,0,0,0,0,0,0,0,
220,221,353,c,11636,2868,1,1,1,1,1,0,0,0,0,0,0,0,0,0,
221,222,354,c,15807,2661,1,0,1,1,1,0,0,0,0,0,0,0,0,0,
222,223,355,c,17298,2246,1,0,1,1,1,0,0,0,0,0,0,0,0,0,
223,224,356,c,20148,2396,1,0,1,1,1,0,0,0,0,0,0,0,0,0,
224,225,358,c,41558,2735,1,1,1,0,1,0,0,0,0,0,0,0,0,0,
225,226,359,c,18495,2195,1,0,1,0,1,0,0,0,0,0,0,0,0,0,
226,227,361,c,24084,3437,1,1,1,1,1,0,0,0,0,0,0,0,0,0,
227,228,362,c,15868,3069,0,0,1,0,1,0,0,0,0,0,0,0,0,0,
228,229,363,c,15092,3198,1,1,1,1,1,0,0,0,0,0,0,0,0,0,
229,230,364,c,10792,3055,1,1,1,1,1,0,0,0,1,0,0,0,0,0,N
230,231,368,c,12387,3108,1,1,1,0,1,0,0,0,0,0,0,1,0,0,Q
231,232,369,c,18564,2665,0,0,1,0,1,0,0,0,0,0,0,0,0,0,
232,233,370,c,13050,3044,1,1,1,0,1,0,0,0,0,0,0,0,0,0,
233,234,371,f,9735,3624,0,1,1,0,0,0,0,0,0,0,0,0,0,0,
234,235,372,f,8432,3835,1,1,1,0,0,0,0,0,0,0,0,0,0,0,
235,236,373,d,1743,3766,1,1,1,1,0,0,0,0,0,0,0,0,0,0,
236,237,374,c,10194,3237,0,1,1,1,0,0,0,0,0,0,0,0,0,0,
237,238,375,c,10838,3231,0,1,1,1,0,0,0,0,0,0,0,0,0,0,
238,239,377,e,7266,4056,1,1,1,0,1,1,0,0,0,0,0,0,0,0,D
239,240,378,c,18137,3163,0,1,1,1,1,1,0,0,0,0,0,0,0,0,D
240,241,379,f,8201,4005,1,1,1,0,0,0,0,0,0,0,0,0,0,0,
241,242,380,c,11079,3385,0,0,1,1,1,1,0,0,0,0,0,0,0,0,D
242,243,381,d,3288,3576,0,1,0,0,0,0,0,0,0,0,0,0,0,0,
243,244,382,e,6712,3808,0,1,0,0,0,0,0,0,0,0,0,0,0,0,
244,245,383,c,22309,3183,0,1,0,1,0,1,0,0,0,0,0,0,0,0,D
245,246,384,b,6709,3440,1,1,1,1,1,0,0,0,0,0,0,0,0,0,
246,247,385,c,22729,3068,1,1,1,0,1,0,0,0,0,0,0,1,0,0,Q
247,248,386,c,12483,2605,1,0,1,1,1,0,0,0,0,0,0,0,0,0,
248,249,387,f,8439,3578,1,0,1,0,1,1,0,0,0,0,0,0,0,0,D
249,250,388,c,12749,3337,1,1,1,1,1,0,0,0,0,0,0,0,0,0,
250,251,389,c,8252,3255,0,1,1,1,1,1,0,0,0,0,0,0,0,0,D
251,252,390,f,10674,3948,0,1,0,0,0,0,0,0,0,0,0,0,0,0,
252,253,391,b,5835,2749,0,1,1,1,1,0,0,0,0,0,0,0,0,0,
253,254,393,e,5953,4497,1,1,1,0,1,1,0,0,0,0,0,0,0,0,D
254,255,394,a,2877,3454,1,1,1,1,1,0,0,0,0,0,1,0,0,0,P
255,256,395,b,3581,3286,1,1,1,1,1,0,0,0,0,0,0,0,0,0,
256,257,397,d,3257,4016,1,0,1,0,1,1,0,0,0,0,0,0,0,0,D
257,258,398,a,469,3445,0,1,1,0,1,1,0,0,0,0,0,0,0,0,D
258,259,399,a,303,3194,0,1,1,1,0,0,0,0,0,0,0,0,0,0,
259,260,400,c,12627,2807,0,0,0,1,0,0,0,0,0,1,0,0,0,0,O
260,261,401,c,9584,3026,0,0,0,1,0,0,0,0,0,0,0,0,0,0,
261,262,402,c,13186,2970,1,0,1,1,0,0,0,0,0,0,0,0,0,0,
262,263,403,c,10289,3298,1,0,0,1,0,0,0,0,1,1,0,0,0,0,NO
263,264,405,c,9182,3239,1,0,1,1,0,0,0,0,1,1,0,0,0,0,NO
264,265,406,e,7542,3628,1,0,1,1,0,0,0,0,0,0,0,0,0,0,
265,266,407,c,11106,3366,1,0,1,1,0,0,0,0,0,1,0,0,0,0,O
266,267,408,c,15945,3249,1,0,1,1,0,0,0,0,1,1,0,0,0,0,NO
267,268,409,c,30916,3361,1,0,1,1,0,0,0,0,0,1,0,0,0,0,O
268,269,410,e,6149,4067,1,0,1,1,0,0,0,0,0,0,0,0,0,0,
269,270,411,f,13738,3853,1,0,1,1,0,0,0,0,0,0,0,0,0,0,
270,271,412,c,21942,3201,1,0,1,1,0,0,0,0,0,0,0,0,0,0,
271,272,413,c,11037,3428,0,0,1,0,0,0,0,0,0,0,0,0,0,0,
272,273,414,c,12415,3090,1,1,1,1,0,0,0,0,0,0,0,0,0,0,
273,274,415,c,33000,2847,1,1,1,0,0,0,0,0,0,0,0,0,0,0,
274,275,416,c,14525,3221,1,0,1,1,0,0,0,0,0,0,0,0,0,0,
275,276,417,f,23011,3851,1,1,1,0,0,0,0,0,0,0,0,0,0,0,
276,277,418,i,28261,4804,1,1,1,0,0,0,0,0,1,0,0,0,0,0,N
277,278,419,f,36250,4389,1,1,1,0,0,0,0,0,0,0,0,0,0,0,
278,279,420,i,11845,5374,0,0,1,0,0,0,0,0,0,0,0,0,1,0,R
279,280,421,f,35684,4137,0,1,1,1,0,0,0,0,0,0,0,0,0,0,
280,281,422,e,4551,4138,0,0,1,0,0,0,0,0,1,0,0,0,0,0,N
281,282,424,d,1945,4478,1,0,1,0,0,0,0,0,0,0,0,0,0,0,
282,283,425,d,1876,4227,1,0,1,1,0,0,0,0,1,1,0,0,0,0,NO
283,284,426,g,1654,5451,0,0,1,1,0,0,0,0,0,0,0,0,0,0,
284,285,427,g,3202,4507,0,1,1,1,0,0,0,0,0,0,0,0,0,0,
285,286,429,d,60,3719,0,1,0,1,0,0,0,0,0,0,0,0,0,0,
286,287,430,a,160,1981,0,1,1,1,1,0,0,0,0,0,0,0,0,0,
287,288,431,a,790,2842,1,1,1,1,1,0,0,0,0,0,0,0,0,0,
288,289,432,g,484,4947,0,0,0,1,0,0,0,0,0,0,0,0,0,0,
289,290,446,h,4584,5280,1,0,0,1,1,0,0,0,0,0,0,0,0,1,S
290,291,447,g,1886,5805,1,0,0,1,1,0,0,0,0,0,0,0,0,0,
291,292,449,g,1820,4701,0,0,0,0,1,0,0,0,0,1,0,0,0,0,O
292,293,450,b,6667,2993,0,0,1,1,1,0,0,0,0,0,0,0,0,0,
293,294,451,b,5116,3194,0,0,1,0,1,0,0,0,1,0,0,0,0,0,N
294,295,452,a,318,3000,1,1,1,1,1,1,0,0,0,0,0,0,0,0,D
295,296,453,d,1313,4016,1,1,1,1,1,1,0,0,0,0,0,0,0,0,D
296,297,454,d,1205,4096,1,1,1,0,1,1,0,0,0,0,0,1,0,0,DQ
297,298,455,d,681,3966,1,1,1,1,1,1,0,0,0,0,0,0,0,0,D
298,299,456,d,883,3884,1,1,1,0,1,0,0,0,0,0,0,0,0,0,
299,300,457,a,819,3282,0,1,1,0,1,1,0,0,0,0,0,0,0,0,D
300,301,458,d,1865,3542,1,1,1,1,1,0,0,0,0,0,0,0,0,0,
301,302,461,a,461,2981,0,1,1,0,1,0,0,0,0,0,0,0,0,0,
302,303,500,c,33214,2980,0,1,1,1,0,0,0,0,0,0,0,0,0,0,
303,304,501,f,38581,4141,1,1,0,1,0,0,0,0,0,0,0,0,0,0,
304,305,502,i,72919,5768,0,1,0,1,0,0,0,0,0,0,0,0,0,0,
305,306,503,c,20443,3327,1,0,0,1,0,0,0,0,0,0,0,0,0,0,
306,307,504,c,20232,2924,0,0,0,1,0,0,0,0,0,0,0,0,0,0,
307,308,505,c,29884,3229,0,1,0,1,0,0,0,0,0,0,0,0,0,0,
308,309,506,b,5414,3490,0,0,1,0,0,0,0,0,0,1,0,0,0,0,O
309,310,507,c,10972,3049,0,0,1,0,0,0,0,0,0,0,0,0,0,0,
310,311,508,c,12442,3041,0,1,1,0,0,0,0,0,0,0,0,0,0,0,
311,312,509,c,28172,3335,1,0,1,1,0,0,0,0,0,0,1,0,0,0,P
312,313,510,i,12159,5764,1,1,1,1,0,0,0,0,0,0,0,0,0,0,
313,314,511,i,30251,4896,1,1,1,1,0,0,0,0,0,0,0,0,0,0,
314,315,512,f,27631,4223,0,1,1,0,0,0,0,0,0,0,0,0,0,0,
315,316,513,f,19701,3581,0,1,1,1,0,0,0,0,0,0,0,0,0,0,
316,317,514,c,26641,3201,0,0,1,1,0,0,0,0,0,0,0,0,0,0,
317,318,515,i,9714,4790,0,0,0,1,0,0,0,0,0,0,0,0,0,0,
318,319,516,c,16602,3320,1,0,0,1,0,0,0,0,0,0,1,0,0,0,P
319,320,518,f,8787,4297,0,1,1,1,0,0,0,0,0,1,0,0,0,0,O
320,321,519,c,12179,3474,1,1,0,1,0,0,0,0,0,0,0,0,0,0,
321,322,520,c,13599,2946,1,1,0,1,0,0,0,0,0,0,0,0,0,0,
322,323,521,f,19939,3851,1,1,0,0,0,0,0,0,0,0,1,0,0,0,P
323,324,522,d,2943,4174,1,1,1,1,0,0,0,0,0,0,0,0,0,0,
324,325,523,g,2255,6223,1,0,1,1,0,0,0,0,0,1,0,0,0,0,O
325,326,524,h,4217,6044,1,0,1,1,0,0,0,0,0,0,0,0,0,0,
326,327,525,i,32755,5216,0,0,0,1,0,0,0,0,0,0,0,0,0,0,
327,328,526,f,11590,3516,0,0,0,0,0,0,0,0,0,0,0,0,0,0,
328,329,529,c,17212,2997,0,1,0,1,0,0,0,0,0,0,0,0,0,0,
329,330,530,c,11301,3394,1,0,1,1,0,0,0,0,0,0,0,0,0,0,
330,331,533,g,2918,6087,1,0,1,1,0,0,0,0,0,0,0,0,0,0,
331,332,534,h,5463,5623,1,0,1,0,0,0,0,0,0,0,0,0,0,0,
332,333,535,i,10951,4946,1,0,0,1,0,0,0,0,0,0,0,0,0,0,
333,334,536,f,9432,3879,1,1,1,1,0,0,0,0,0,0,0,0,0,0,
334,335,537,i,17326,4679,1,1,0,1,0,0,0,0,0,0,0,0,0,0,
335,336,538,c,12061,3459,0,1,1,0,0,0,0,0,0,0,0,0,0,0,
336,337,539,i,15217,5367,0,0,0,0,0,0,0,0,0,0,0,0,0,0,
337,338,540,c,35618,3331,1,1,1,0,0,0,0,0,0,0,0,0,0,0,
338,339,542,i,14200,5163,0,1,0,1,0,0,0,0,0,0,0,0,0,0,
339,340,543,f,11775,4111,0,1,0,1,0,0,0,0,0,0,0,0,0,0,
340,341,544,h,7630,6881,0,0,0,1,0,0,0,0,1,0,0,0,0,0,N
341,342,546,f,14309,3579,1,0,0,1,0,0,0,0,0,0,0,0,0,0,
342,343,548,f,19902,3577,0,0,0,1,0,0,0,0,0,1,0,0,0,0,O
343,344,549,f,18836,3521,1,1,1,1,0,0,0,0,0,0,0,0,0,0,
344,345,550,c,11366,3489,0,1,1,1,0,0,0,0,0,0,0,0,0,0,
345,346,551,c,18357,3053,1,0,0,0,0,0,0,0,0,0,0,0,0,0,
346,347,552,e,5785,4324,1,1,0,1,0,0,0,0,0,0,0,0,0,0,
347,348,553,i,10031,5254,0,0,1,0,0,0,0,0,0,1,0,0,0,0,O
348,349,555,e,7246,3944,1,1,0,1,0,0,0,0,0,0,0,0,0,0,
349,350,556,h,3594,7704,0,1,1,0,0,0,0,0,1,0,0,0,0,0,N
350,351,557,c,12210,3154,1,0,0,1,0,0,0,0,0,0,0,0,0,0,
351,352,558,c,15592,3403,1,1,1,1,0,0,0,0,0,0,1,0,0,0,P
352,353,559,f,21951,4042,1,1,0,1,0,0,0,0,0,0,1,0,0,0,P
353,354,560,c,12975,3334,1,0,0,1,0,0,0,0,0,0,0,0,0,0,
354,355,561,f,17001,4137,1,1,1,1,0,0,0,0,1,1,0,0,0,0,NO
355,356,562,f,10629,3646,0,0,0,0,0,0,0,0,0,0,0,0,0,0,
356,357,563,c,19811,2731,0,0,1,0,0,0,0,0,0,0,1,0,0,0,P
357,358,564,g,1900,5738,1,1,1,1,0,0,0,0,0,0,0,0,0,0,
358,359,565,i,32714,8246,1,1,1,1,0,0,0,0,0,0,0,0,0,0,
359,360,567,c,29832,2801,0,1,1,0,0,0,0,0,0,0,0,0,0,0,
360,361,568,c,27314,2919,0,0,1,0,0,0,0,0,0,0,0,0,0,0,
361,362,569,e,4737,3749,1,1,1,1,0,0,0,0,0,0,0,0,0,0,
362,363,571,c,25012,3027,0,1,1,1,0,0,0,0,0,0,0,0,0,0,
363,364,572,h,6369,5209,1,1,1,1,0,0,0,0,0,0,0,0,0,0,
364,365,573,c,22963,2966,0,0,1,1,0,0,0,0,0,0,0,0,0,0,
365,366,574,f,18598,3855,1,1,1,1,0,0,0,0,0,0,0,0,0,0,
366,367,575,d,3249,3971,1,1,0,1,0,0,0,0,0,0,0,0,0,0,
367,368,576,f,9770,4294,1,1,1,1,0,0,0,0,0,0,0,0,0,0,
368,369,577,i,14621,5119,1,1,1,0,0,0,0,0,0,0,0,0,0,0,
369,370,578,f,15192,3708,0,0,1,0,0,0,0,0,0,0,1,0,0,0,P
370,371,579,c,14386,3393,1,1,1,1,0,0,0,0,0,1,0,0,0,0,O
371,372,580,d,3277,3754,1,1,1,1,0,0,0,0,0,0,0,0,0,0,
372,373,581,f,8444,3747,0,1,0,1,0,0,0,0,0,0,0,0,0,0,
373,374,582,c,10405,3440,1,1,1,1,0,0,0,0,0,0,0,0,0,0,
374,375,583,i,29806,7636,1,1,1,1,0,0,0,0,0,0,0,0,0,0,
375,376,584,c,26223,3366,0,1,1,1,0,0,0,0,0,0,0,0,0,0,
376,377,585,f,16306,3735,1,0,1,1,0,0,0,0,0,0,1,0,0,0,P
377,378,586,f,8445,3879,1,1,1,1,0,0,0,0,0,0,0,0,0,0,
378,379,587,c,10660,3383,0,1,1,1,0,0,0,0,0,0,0,0,0,0,
379,380,589,c,11487,2984,0,1,1,0,0,0,0,0,0,0,0,0,0,0,
380,381,590,c,28516,2902,0,1,0,0,0,0,0,0,0,1,0,0,0,0,O
381,382,591,b,6843,2796,0,0,1,1,0,0,0,0,0,0,0,0,0,0,
382,383,592,c,19193,2775,0,0,1,1,0,0,0,0,0,0,0,0,0,0,
383,384,593,e,8138,3545,0,0,0,1,0,0,0,0,0,0,0,0,0,0,
384,385,594,b,3941,3154,0,0,0,1,0,0,0,0,0,0,0,0,0,0,
385,386,600,h,7431,5395,0,0,0,1,0,0,0,0,0,0,0,0,0,0,
386,387,601,c,8353,3178,0,1,1,0,0,0,0,0,0,0,0,0,0,0,
387,388,602,f,22327,4007,1,0,1,1,0,0,0,0,0,0,0,0,0,0,
388,389,604,e,5628,3772,0,0,1,1,0,0,0,0,0,0,0,0,0,0,
389,390,605,c,8946,3236,1,1,1,1,0,0,0,0,0,0,0,0,0,0,
390,391,606,h,4370,5969,0,0,1,1,0,0,0,0,0,0,0,0,0,0,
391,392,608,b,4591,2377,0,0,1,1,0,0,0,0,0,0,0,0,0,0,
392,393,609,i,16584,4540,0,1,0,1,0,0,0,0,0,0,0,0,0,0,
393,394,610,b,7918,2753,0,0,1,1,0,0,0,0,0,0,0,0,0,0,
394,395,612,c,12491,3233,0,0,1,1,0,0,0,0,0,1,0,0,0,0,O
395,396,613,c,14673,3120,1,1,1,1,0,0,0,0,0,0,0,0,0,0,
396,397,614,c,24067,3434,0,1,1,1,0,0,0,0,0,0,0,0,0,0,
397,398,615,f,13250,3973,0,1,1,0,0,0,0,0,0,0,0,0,0,0,
398,399,616,c,9727,2311,0,0,1,1,0,0,0,0,0,0,0,0,0,0,
399,400,617,c,9970,3184,1,0,1,1,0,0,0,0,0,0,0,0,0,0,
400,401,621,b,5311,3362,1,0,1,1,0,0,0,0,0,0,0,0,0,0,
401,402,622,c,11778,2995,0,0,1,1,0,0,0,0,0,0,0,0,0,0,
402,403,623,c,28936,2635,0,0,1,1,0,1,0,0,0,0,0,0,0,0,D
403,404,624,c,15261,3165,1,0,1,1,0,0,0,0,0,0,0,0,0,0,
404,405,625,c,12375,3144,0,0,1,1,0,0,0,0,0,0,0,0,0,0,
405,406,626,i,8644,5131,0,0,0,0,0,0,0,0,0,0,0,0,0,0,
406,407,627,f,9142,4220,1,0,1,1,0,0,0,0,0,0,0,0,0,0,
407,408,628,g,3099,4638,0,0,1,1,0,0,1,1,0,0,0,0,0,0,FL
408,409,630,c,15570,3041,0,1,1,1,0,0,0,0,0,0,0,0,0,0,
409,410,631,c,19108,3161,0,1,1,1,0,0,0,0,0,0,0,0,0,0,
410,411,633,c,18900,3211,1,1,1,0,0,1,0,0,0,0,1,0,0,0,DP
411,412,634,i,30965,5237,1,1,0,0,0,0,0,0,0,0,0,0,0,0,
412,413,635,f,16027,4041,0,0,0,1,0,1,0,0,0,0,0,0,0,0,D
413,414,636,e,6887,3599,0,0,0,0,0,0,0,1,1,0,0,0,0,0,LN
414,415,637,f,10629,4092,0,0,0,1,0,0,0,1,1,0,0,0,0,0,LN
415,416,638,c,10021,2896,0,0,1,1,0,0,0,0,0,0,0,0,0,0,
416,417,639,c,20350,2728,0,0,1,1,0,0,0,0,0,0,0,0,0,0,
417,418,640,b,7185,3150,1,1,0,0,0,1,0,0,0,0,1,0,0,0,DP
418,419,641,f,18502,3999,0,1,1,0,0,0,0,0,0,0,0,0,0,0,
419,420,642,c,9303,3247,1,1,1,0,0,0,0,0,0,0,0,0,0,0,
420,421,643,i,9855,5459,0,0,0,1,0,0,0,0,0,1,0,0,0,0,O
421,422,646,b,7936,3307,0,1,0,1,0,0,0,0,0,0,0,0,0,0,
422,423,647,g,2173,5235,0,1,0,1,0,0,0,0,0,1,0,0,0,0,O
423,424,648,b,6119,3215,0,0,1,1,0,0,0,0,0,1,0,0,0,0,O
424,425,650,h,7866,6147,0,0,0,1,0,0,0,0,0,0,0,0,0,0,
425,426,651,e,3788,4109,1,1,0,0,0,1,0,0,0,0,1,0,0,0,DP
426,427,652,d,23,3606,0,0,1,1,0,0,0,0,0,0,0,0,0,0,
427,428,654,d,118,3501,0,0,1,1,0,0,0,0,0,0,0,0,0,0,
428,429,656,g,143,5106,0,0,0,1,0,0,0,0,0,0,0,0,0,0,
429,430,657,d,350,4141,1,0,1,1,0,0,0,0,0,0,0,0,0,0,
430,431,658,d,199,3646,0,0,1,1,0,0,0,0,0,0,0,0,0,0,
431,432,659,a,331,2815,0,1,1,1,0,0,0,0,0,0,0,0,0,0,
432,433,660,d,324,4040,0,1,1,0,0,1,0,0,0,0,0,0,0,0,D
433,434,661,g,1200,5145,0,0,1,1,0,0,0,0,0,0,0,0,0,0,
434,435,700,i,17085,6045,1,1,1,1,0,0,0,0,0,0,0,0,0,0,
435,436,701,e,5208,4358,0,0,0,1,0,0,0,0,0,1,0,0,0,0,O
436,437,702,h,6020,4684,0,0,1,0,0,0,0,0,0,1,0,0,0,0,O
437,438,703,i,36120,4908,1,1,0,1,0,0,0,0,0,0,0,0,0,0,
438,439,704,f,16087,4075,1,1,0,1,0,0,0,0,0,0,0,0,0,0,
439,440,706,e,8191,3979,1,1,1,1,0,0,0,0,0,0,0,0,0,0,
440,441,707,e,4477,4140,1,0,1,1,0,0,0,0,0,0,0,0,0,0,
441,442,708,f,13554,4090,1,0,0,1,0,0,0,0,0,0,0,0,0,0,
442,443,709,d,2781,3629,1,0,1,1,0,0,0,0,1,0,0,0,0,0,N
443,444,710,e,4323,3850,1,0,1,1,0,0,0,0,1,0,0,0,0,0,N
444,445,711,e,3555,3568,0,0,1,1,0,0,0,1,0,0,0,0,0,0,L
445,446,712,e,3847,4277,1,0,1,1,0,0,0,0,0,0,0,0,0,0,
446,447,713,e,3581,4002,0,0,1,1,0,0,0,0,0,0,0,0,0,0,
447,448,714,e,3678,3858,0,0,1,1,0,0,0,0,0,0,0,0,0,0,
448,449,716,f,16347,4306,0,0,0,1,0,0,0,0,0,1,0,0,0,0,O
449,450,719,f,9121,3842,0,0,0,0,0,0,0,0,0,1,0,0,0,0,O
450,451,720,e,3805,4126,1,0,0,1,0,0,0,0,0,0,0,0,0,0,
451,452,722,e,5175,4003,1,0,0,1,0,0,0,0,0,0,0,0,0,0,
452,453,723,f,9304,4214,0,0,1,1,0,0,0,0,0,0,0,0,0,0,
453,454,724,g,1159,4902,0,0,1,1,0,0,0,0,0,0,0,0,0,0,
454,455,725,d,2321,3866,0,0,0,1,0,0,0,0,0,1,1,0,0,0,OP
455,456,726,e,3884,4297,0,0,1,1,0,0,0,0,0,1,0,0,0,0,O
456,457,729,h,4700,5492,0,1,1,1,0,0,0,1,0,0,0,0,0,0,L
457,458,731,h,7212,4724,0,0,1,0,0,0,0,0,0,0,0,0,0,0,
458,459,732,d,2155,3820,1,0,0,1,0,0,0,0,0,0,0,0,0,0,
459,460,733,g,2610,4565,1,0,0,1,0,0,0,0,0,0,0,0,0,0,
460,461,734,d,3310,4139,0,0,1,1,0,0,0,0,0,0,0,0,0,0,
461,462,735,d,2998,4418,1,0,1,1,0,0,0,0,0,1,0,0,0,0,O
462,463,736,d,2318,3908,1,0,1,1,0,0,0,0,0,0,0,0,0,0,
463,464,737,g,1959,4910,1,0,1,1,0,0,0,0,0,0,1,0,0,0,P
464,465,739,a,2110,3346,0,0,1,1,0,0,0,0,0,0,0,0,0,0,
465,466,740,d,1709,3620,0,0,1,0,0,0,0,0,0,0,0,0,0,0,
466,467,741,g,519,5411,0,0,0,1,0,0,0,0,0,0,0,0,0,0,
467,468,742,d,2873,4208,0,1,1,1,0,0,0,0,0,0,0,0,0,0,
468,469,743,d,1632,3804,1,0,1,1,0,0,0,0,0,0,0,0,0,0,
469,470,744,h,5751,6118,0,1,1,1,0,0,0,0,0,0,0,0,0,1,S
470,471,745,d,1768,4113,0,0,0,1,0,0,0,0,0,1,0,0,0,0,O
471,472,746,e,5457,4285,0,0,1,0,0,0,0,0,0,1,0,0,0,0,O
472,473,747,e,4250,3585,0,0,1,1,0,0,0,0,0,1,0,0,0,0,O
473,474,749,g,1177,6770,0,0,1,1,0,0,0,0,0,0,0,0,0,0,
474,475,750,d,1195,4005,1,0,0,1,0,0,0,0,0,0,0,0,0,0,
475,476,752,d,2432,3855,0,0,0,1,0,0,0,0,0,0,0,0,0,0,
476,477,754,d,517,4174,0,0,1,1,0,0,0,0,0,0,0,0,0,0,
477,478,755,d,606,4381,1,0,1,1,0,0,0,0,0,1,0,0,0,0,O
478,479,756,d,674,4012,1,1,1,1,0,0,0,0,0,1,0,0,0,0,O
479,480,757,d,191,3995,0,0,0,1,0,0,0,0,0,0,0,0,0,0,
480,481,758,g,200,4883,0,0,1,1,0,0,0,0,0,0,0,0,0,0,
481,482,759,d,132,3788,0,0,1,1,0,0,0,0,0,0,0,0,0,0,
482,483,760,a,147,2630,1,0,1,1,0,0,0,0,0,0,0,0,0,0,
483,484,763,a,41,2713,0,0,1,1,0,0,0,0,0,0,0,0,0,0,
484,485,764,g,54,5715,0,0,1,0,0,0,0,0,0,0,0,0,0,0,
485,486,800,i,12539,4944,1,0,0,1,0,0,0,0,0,0,0,0,0,0,
486,487,802,h,6825,5482,0,1,0,1,0,0,0,0,1,0,0,0,0,0,N
487,488,803,h,4099,7152,0,1,0,1,0,0,0,0,1,0,0,0,0,0,N
488,489,805,f,11208,3541,1,1,0,1,0,0,0,0,0,0,0,0,0,0,
489,490,806,i,11302,4821,1,0,0,0,0,0,0,0,0,0,0,0,0,0,
490,491,807,f,10173,3808,1,1,1,0,0,0,0,0,0,0,0,0,0,0,
491,492,808,h,3522,6839,0,1,1,1,0,0,0,0,1,0,0,0,0,0,N
492,493,809,i,13799,8050,0,1,0,0,0,0,0,0,0,0,0,0,0,0,
493,494,810,h,6716,5229,1,0,0,1,0,0,0,0,0,0,0,0,0,0,
494,495,811,f,15232,4417,0,1,0,1,0,0,0,0,0,0,0,0,0,0,
495,496,812,e,6430,4284,0,0,0,0,0,0,0,0,0,0,0,0,1,0,R
496,497,813,f,10210,4476,0,1,0,1,0,0,0,0,0,0,0,0,0,0,
497,498,815,i,12374,6809,0,0,1,1,0,0,0,0,0,0,0,0,0,0,
498,499,816,i,32483,4931,0,1,0,0,0,0,0,0,0,0,0,0,0,0,
499,500,817,h,6895,4545,0,1,0,1,0,0,0,0,0,0,0,0,0,0,
500,501,818,f,16198,3531,1,1,1,1,0,0,0,0,0,0,0,0,0,0,
501,502,819,f,12131,4025,1,1,0,1,0,0,0,0,0,0,0,0,0,0,
502,503,820,c,10043,3429,0,0,1,0,0,0,0,0,0,0,0,0,0,0,
503,504,822,h,7558,6746,0,0,0,1,0,0,0,0,0,0,0,0,0,0,
504,505,823,e,4555,4400,1,1,1,1,0,0,0,0,0,0,0,0,0,0,
505,506,825,i,23970,7930,0,0,1,1,0,0,0,0,1,0,0,0,0,0,N
506,507,826,f,10482,3677,1,1,1,1,0,0,0,0,0,0,0,0,0,0,
507,508,827,a,1768,2682,0,0,0,1,0,0,0,1,0,0,0,0,0,0,L
508,509,828,e,4664,3797,1,1,0,1,0,0,0,0,0,0,0,0,0,0,
509,510,829,h,8142,7699,0,0,0,1,0,0,0,0,1,0,0,0,0,0,N
510,511,830,g,2705,5640,1,0,0,1,0,0,0,0,0,0,0,0,0,0,
511,512,831,h,4420,5742,0,1,0,1,0,0,0,0,0,0,0,0,0,0,
512,513,832,h,6891,7099,0,1,1,1,0,0,0,0,0,0,0,0,0,0,
513,514,834,e,5872,4040,1,1,1,1,0,0,0,0,0,0,0,0,0,0,
514,515,835,d,2928,3703,1,1,0,1,0,0,0,0,0,0,0,0,0,0,
515,516,836,h,3766,8209,1,0,0,1,0,0,0,0,0,1,0,0,0,0,O
516,517,837,h,6214,8891,0,1,0,0,0,0,0,0,0,0,0,0,0,0,
517,518,838,d,2566,4265,1,1,0,1,0,0,0,0,0,0,0,0,0,0,
518,519,840,d,167,3833,0,1,0,1,0,0,0,0,0,0,0,0,0,0,
519,520,841,d,359,4498,0,1,0,0,0,0,0,0,0,0,0,0,0,0,
520,521,844,g,84,5029,0,0,0,0,0,0,0,0,1,1,0,0,0,0,NO
521,522,845,a,631,3416,0,1,0,0,0,0,0,0,0,0,0,0,0,0,
522,523,900,c,9942,3275,1,0,0,1,0,0,0,0,0,1,0,0,0,0,O
523,524,901,c,11569,3460,1,0,0,1,0,0,0,0,0,0,0,0,0,0,
524,525,902,e,3610,3870,0,0,1,1,0,0,0,0,0,0,0,0,0,0,
525,526,903,b,5639,2652,1,0,0,1,0,0,0,0,0,0,0,0,0,0,
526,527,904,b,7571,3270,0,0,0,0,0,0,0,0,1,0,0,0,0,0,N
527,528,905,c,17311,3073,0,1,1,0,0,0,0,0,0,0,0,0,0,0,
528,529,906,f,22169,3727,1,1,1,1,0,0,0,0,0,0,0,1,0,0,Q
529,530,907,i,40091,5387,1,1,0,1,0,0,0,0,0,0,0,0,0,0,
530,531,909,e,6303,3638,1,0,1,1,0,0,0,0,0,0,0,0,0,0,
531,532,911,c,14319,3316,1,1,0,1,0,0,0,0,0,0,0,0,0,0,
532,533,912,f,15805,4223,1,1,1,0,0,0,0,0,0,0,0,0,0,0,
533,534,913,f,26246,3594,1,0,0,1,0,0,0,0,0,0,0,0,0,0,
534,535,915,i,12332,4753,0,1,1,1,0,0,0,0,0,1,0,0,0,0,O
535,536,916,c,9568,3230,1,1,0,0,0,0,0,0,0,0,0,0,0,0,
536,537,917,c,11633,2728,0,1,0,1,0,0,0,0,0,0,0,0,0,0,
537,538,919,e,5423,3780,0,0,0,1,0,0,0,0,0,0,0,0,0,0,
538,539,921,e,5434,4257,1,0,1,1,0,0,0,0,0,0,0,0,0,0,
539,540,922,e,6581,3810,1,1,1,0,0,0,0,0,0,0,0,0,0,0,
540,541,924,d,3182,3721,0,0,1,1,0,0,0,1,0,0,0,0,0,0,L
541,542,925,e,6144,3695,1,1,0,1,0,0,0,0,0,0,0,0,0,0,
542,543,926,c,15392,3460,1,1,1,1,0,0,0,0,0,0,1,0,0,0,P
543,544,927,b,6292,3472,1,1,1,0,0,0,0,0,0,0,0,0,0,0,
544,545,928,d,2332,4106,0,0,0,1,1,0,1,0,0,0,0,0,1,0,FR
545,546,930,e,5334,3786,1,0,0,0,0,0,0,0,0,0,0,0,0,0,
546,547,931,f,18726,4127,1,0,0,1,0,0,0,0,0,0,0,0,0,0,
547,548,932,f,9324,4154,1,1,0,1,0,0,0,0,0,1,0,0,0,0,O
548,549,933,f,11228,4103,1,1,1,1,0,0,0,0,0,0,0,0,0,0,
549,550,934,g,3275,4852,1,0,1,0,0,0,0,0,0,0,0,0,0,0,
550,551,935,h,3648,4666,1,1,0,1,0,0,0,0,0,0,0,0,0,0,
551,552,937,g,393,5139,1,0,0,1,0,0,0,0,1,0,0,0,0,0,N
552,553,938,g,456,6448,0,0,1,1,0,0,0,0,0,0,0,0,0,0,
553,554,939,d,2675,3651,1,0,0,1,0,0,0,0,0,0,0,0,0,0,
554,555,941,a,2638,3258,0,0,0,0,1,0,0,0,0,0,0,0,0,0,
555,556,942,a,2182,2591,0,0,0,1,0,0,0,0,0,0,0,0,0,0,
556,557,943,b,5154,3016,1,0,0,1,0,0,0,0,0,0,0,0,0,0,
557,558,945,d,2218,3571,0,0,1,1,0,0,0,0,0,1,0,0,0,0,O
558,559,946,d,1833,3928,0,1,1,1,0,0,0,0,0,0,0,0,0,0,
559,560,947,g,1883,4679,1,0,1,0,0,0,0,0,0,0,0,0,0,0,
560,561,948,d,2175,3671,1,1,0,0,0,0,0,0,0,1,0,0,0,0,O
561,562,949,d,1435,4248,1,1,1,1,0,0,0,0,0,0,0,1,0,0,Q
562,563,950,e,4499,3740,1,1,1,1,0,0,0,0,0,1,0,0,0,0,O
563,564,951,d,3199,3874,1,1,1,1,0,0,0,0,0,0,0,1,0,0,Q
564,565,952,d,1094,3570,0,0,1,1,0,0,0,0,0,0,0,0,0,0,
565,566,953,a,2087,3339,0,0,1,1,0,0,0,0,0,0,0,0,0,0,
566,567,954,d,2139,3505,0,0,1,1,0,0,0,0,1,0,0,0,0,0,N
567,568,956,h,3918,5082,1,0,1,1,0,0,0,0,0,0,0,0,0,0,
568,569,958,a,298,3392,1,0,0,0,0,0,0,0,0,0,0,0,0,0,
569,570,959,d,91,3793,0,0,1,0,0,0,0,0,0,0,0,0,0,1,S
570,571,960,a,68,1646,0,1,1,0,0,0,0,0,0,0,0,0,0,0,
571,572,961,a,264,2476,1,1,1,1,0,0,0,0,0,0,1,0,0,0,P
572,573,962,a,207,2251,0,1,1,1,0,0,0,0,0,0,0,0,0,0,
573,574,963,a,220,2499,0,0,1,1,0,0,0,0,0,0,0,0,0,0,
574,575,964,a,200,2804,0,0,1,1,0,0,0,0,0,0,0,0,0,0,
575,576,965,a,134,3021,1,0,1,1,0,0,0,0,0,0,0,0,0,0,
576,577,966,a,465,3453,1,0,0,1,0,0,0,0,0,0,0,0,0,0,
577,578,967,d,420,4345,1,1,0,1,0,0,0,0,0,0,0,0,0,0,
578,579,968,a,41,1682,0,0,0,1,0,0,0,0,0,0,0,0,0,0,
579,580,1001,f,14314,4333,0,1,1,0,0,0,0,0,0,0,0,0,0,0,
580,581,1002,h,7309,4990,0,0,1,1,0,0,0,0,0,0,0,0,0,0,
581,582,1003,e,6924,3881,0,0,1,1,0,0,0,0,0,0,0,0,0,0,
582,583,1004,h,7688,5307,0,1,0,1,0,0,0,0,0,0,0,0,0,0,
583,584,1006,e,6046,4415,1,0,1,1,0,0,0,0,0,0,0,0,0,0,
584,585,1007,g,1132,5359,0,0,0,1,0,0,0,1,0,0,0,0,0,0,L
585,586,1008,i,13068,4783,0,1,1,1,0,0,0,0,0,0,0,0,0,0,
586,587,1009,f,13835,4029,1,1,1,0,0,1,0,0,0,0,0,0,0,0,D
587,588,1010,f,12909,3818,1,1,0,0,0,0,0,0,0,0,0,0,0,0,
588,589,1011,f,17250,3957,1,1,0,1,0,0,0,0,0,0,0,0,0,0,
589,590,1012,f,10105,3855,0,1,1,1,0,0,0,0,0,0,0,0,0,0,
590,591,1013,c,11324,3379,1,1,0,1,0,0,0,0,0,1,0,0,0,0,O
591,592,1014,e,7531,4075,1,1,1,1,0,0,0,0,0,0,0,0,0,0,
592,593,1015,e,5779,4115,1,1,1,1,0,0,0,0,0,0,0,0,0,0,
593,594,1016,h,4431,5003,1,0,1,0,0,0,0,0,0,0,0,0,0,0,
594,595,1017,f,9910,3875,1,0,1,1,0,0,0,0,0,0,0,0,0,0,
595,596,1018,e,7635,4237,0,1,0,0,0,0,0,0,0,0,0,0,0,0,
596,597,1019,f,14852,3806,0,0,1,1,0,0,0,0,0,1,1,0,0,0,OP
597,598,1020,f,14287,3656,0,0,1,1,0,0,0,0,0,0,0,0,0,0,
598,599,1021,h,5922,4775,1,0,1,1,0,0,0,0,0,1,0,0,0,0,O
599,600,1022,f,8583,4285,1,0,0,0,0,0,0,0,0,0,0,0,0,0,
600,601,1023,h,3526,5413,0,0,0,1,0,0,0,0,0,1,0,0,0,0,O
601,602,1024,e,4949,3734,1,1,1,1,0,0,0,0,0,0,0,0,0,0,
602,603,1025,d,1467,4241,0,0,0,1,0,0,0,0,0,0,0,0,0,0,
603,604,1026,d,2357,3871,0,0,1,1,0,0,0,0,0,0,0,0,0,0,
604,605,1027,d,2761,3705,1,0,1,1,0,0,0,0,0,0,0,0,0,0,
605,606,1028,a,3480,3178,1,1,0,1,0,0,0,0,0,0,0,0,0,0,
606,607,1029,b,6591,3496,0,1,1,0,0,0,0,0,0,0,0,0,0,0,
607,608,1030,e,4385,4438,0,1,1,0,0,0,0,0,0,0,0,0,0,0,
608,609,1031,g,1343,5346,0,0,0,1,0,0,0,0,0,0,0,0,0,0,
609,610,1032,d,1587,4241,0,0,0,1,0,0,0,0,0,0,0,0,0,0,
610,611,1033,e,3739,3662,0,0,1,1,0,0,0,0,1,0,0,0,0,0,N
611,612,1034,g,1686,4739,0,0,0,0,0,0,0,0,0,0,0,0,0,0,
612,613,1035,b,7691,3288,0,1,1,0,0,0,0,0,0,1,0,0,0,0,O
613,614,1036,e,3555,3571,0,1,1,1,0,0,0,0,0,1,0,0,0,0,O
614,615,1037,d,913,4446,1,0,1,1,0,0,0,0,0,0,0,0,0,0,
615,616,1038,d,1022,3980,1,0,0,1,0,0,0,0,0,1,0,0,0,0,O
616,617,1039,a,1029,3300,0,0,1,1,0,0,0,0,0,0,0,0,0,0,
617,618,1041,d,3347,3874,0,0,1,1,0,0,0,0,0,0,0,0,0,0,
618,619,1042,g,1588,5231,1,0,0,1,0,0,0,1,0,0,0,0,0,0,L
619,620,1044,f,9921,4105,0,1,1,1,0,0,0,0,0,0,0,0,0,0,
620,621,1047,e,4143,3559,1,1,0,1,0,0,0,0,0,0,0,1,0,0,Q
621,622,1048,e,4175,3559,0,0,0,1,0,0,0,0,0,1,0,0,0,0,O
622,623,1049,d,1706,4301,0,0,0,1,0,0,0,0,0,0,0,0,0,0,
623,624,1050,f,9263,3756,1,1,0,0,0,0,0,0,0,0,0,0,0,0,
624,625,1051,g,2670,4631,0,0,1,1,0,0,0,0,0,0,0,0,0,0,
625,626,1052,a,179,3324,0,1,1,1,0,0,0,0,0,0,0,0,0,0,
626,627,1053,d,284,3665,0,0,1,1,0,0,0,0,1,0,0,0,0,0,N
627,628,1054,a,146,3388,1,0,1,1,0,0,0,0,0,0,0,0,0,0,
628,629,1056,g,163,5500,1,0,0,1,0,0,0,0,0,0,0,0,0,0,
629,630,1057,d,226,3653,0,0,1,1,0,0,0,1,0,1,0,0,0,1,LOS
630,631,1058,d,142,3939,0,1,1,0,0,0,0,0,0,0,0,0,1,0,R
631,632,1059,d,248,3604,0,1,1,1,0,0,0,0,0,0,0,0,0,0,
632,633,1060,d,386,3855,0,0,1,1,0,0,0,0,0,0,0,0,0,0,
633,634,1061,d,540,3983,0,0,1,1,0,0,0,0,0,0,0,0,0,0,
634,635,1062,d,214,3691,0,0,1,1,0,0,0,1,0,0,0,0,0,0,L
635,636,1101,g,900,8417,0,1,1,0,0,0,0,0,0,0,0,0,1,0,R
636,637,1102,h,6738,4763,1,0,1,1,0,0,0,0,0,0,0,0,0,0,
637,638,1103,h,4787,5089,1,1,1,1,0,0,0,0,0,0,0,0,0,0,
638,639,1105,g,1862,5455,0,0,1,1,0,0,0,0,0,0,0,0,0,1,S
639,640,1106,h,4999,4610,1,0,1,1,0,0,0,0,0,1,0,0,0,0,O
640,641,1108,g,3462,4655,1,1,0,1,0,0,0,0,0,0,1,0,0,0,P
641,642,1109,d,3405,4410,0,1,0,1,0,0,0,0,0,0,1,0,0,0,P
642,643,1110,d,2617,4410,0,0,0,1,0,0,0,0,0,0,0,0,0,0,
643,644,1111,h,7703,4802,1,0,0,1,0,0,0,0,0,0,0,0,0,0,
644,645,1112,i,13360,4584,1,0,0,1,0,0,0,0,0,1,0,0,0,1,OS
645,646,1113,h,5732,5147,0,0,0,0,0,0,0,0,0,0,0,0,0,0,
646,647,1114,g,1322,5162,0,0,0,0,0,0,0,0,0,0,0,0,0,0,
647,648,1115,e,6633,4038,0,1,1,1,0,0,0,0,0,0,0,0,0,0,
648,649,1117,f,10620,4109,1,0,1,1,0,0,0,0,0,0,0,0,0,0,
649,650,1118,i,15623,4889,0,1,1,1,0,0,0,0,0,0,1,0,0,0,P
650,651,1119,i,9013,5576,1,0,1,1,0,0,0,0,0,1,0,0,0,0,O
651,652,1120,i,14458,5625,0,0,1,1,0,0,0,0,0,0,1,0,0,0,P
652,653,1121,i,11174,6007,0,1,1,1,0,0,0,0,1,0,0,0,0,0,N
653,654,1122,i,14976,8216,0,0,1,1,0,0,0,0,0,0,0,0,0,0,
654,655,1124,f,17533,3960,1,1,1,1,0,0,0,0,0,0,0,0,0,0,
655,656,1125,e,7084,3548,1,0,1,1,0,0,0,0,0,1,0,0,0,0,O
656,657,1126,f,9186,3878,0,1,1,1,0,0,0,0,0,0,0,0,0,0,
657,658,1127,e,6955,3569,1,1,0,1,0,0,0,0,0,0,0,0,0,0,
658,659,1129,e,7383,3600,1,1,0,1,0,0,0,0,0,0,0,0,0,0,
659,660,1130,d,3340,3864,1,1,1,1,0,0,0,0,0,0,0,0,0,0,
660,661,1131,f,9076,4422,1,0,1,1,0,0,0,0,0,0,0,0,0,0,
661,662,1132,f,9491,4331,0,1,1,1,0,0,0,0,0,0,0,0,0,0,
662,663,1135,e,7054,3804,0,0,0,1,0,0,0,0,0,1,0,0,0,0,O
663,664,1136,d,3381,3704,0,0,1,1,0,0,0,0,0,0,0,0,0,0,
664,665,1137,a,2961,3499,0,0,0,1,0,0,0,0,0,0,0,0,0,0,
665,666,1139,e,6856,3841,0,0,0,1,0,0,0,0,0,0,0,0,0,0,
666,667,1140,e,5733,3791,0,0,0,0,0,0,0,0,0,1,0,0,0,0,O
667,668,1141,h,7349,5050,0,1,0,0,0,0,0,0,0,0,0,0,0,0,
668,669,1145,e,3948,4111,0,1,0,0,0,0,0,0,0,0,0,0,0,0,
669,670,1146,e,5528,4121,0,0,1,0,0,0,0,0,0,0,0,0,0,0,
670,671,1148,e,3818,4371,1,1,1,1,0,0,0,0,0,0,0,0,0,0,
671,672,1149,c,8543,3298,0,1,0,1,0,0,0,0,0,0,0,0,0,0,
672,673,1150,e,4153,4178,1,1,0,1,0,0,0,0,0,0,1,0,0,0,P
673,674,1151,a,3308,3032,0,1,0,1,0,0,0,0,0,0,0,0,0,0,
674,675,1152,b,4393,3294,0,1,0,1,0,0,0,0,0,0,0,0,0,0,
675,676,1153,f,11171,3765,1,1,1,0,0,0,0,0,0,0,0,0,0,0,
676,677,1155,g,3330,5536,0,0,1,1,0,0,0,0,1,0,0,0,0,1,NS
677,678,1157,e,4191,4319,1,0,1,1,0,0,0,0,0,0,0,0,0,0,
678,679,1158,i,13187,4618,1,1,1,1,0,0,0,0,0,0,1,0,0,0,P
679,680,1159,h,3516,4932,0,0,1,1,0,0,0,0,0,0,0,0,0,0,
680,681,1160,f,11032,4317,1,1,1,1,0,0,0,0,0,0,0,0,0,0,
681,682,1161,g,1143,4575,1,0,0,1,0,0,0,1,0,0,0,0,0,0,L
682,683,1162,a,2572,2706,0,0,0,1,0,0,0,0,0,0,0,0,0,0,
683,684,1163,a,1858,2970,1,0,0,1,0,0,0,0,0,0,0,0,0,0,
684,685,1165,d,1407,3797,1,0,0,1,0,0,0,0,0,0,0,0,0,0,
685,686,1166,e,5747,3901,1,0,1,1,0,0,0,0,0,1,0,0,0,0,O
686,687,1167,b,6009,3224,1,0,0,1,0,0,0,0,0,0,0,0,0,0,
687,688,1168,a,2002,3357,0,0,0,1,0,0,0,0,0,0,0,0,0,0,
688,689,1169,d,346,3810,1,1,1,1,0,0,0,0,0,0,0,0,0,0,
689,690,1170,g,269,5220,1,1,1,1,0,0,0,0,0,1,0,0,0,0,O
690,691,1171,d,210,4315,1,1,1,1,0,0,0,0,0,0,0,0,0,0,
691,692,1172,g,221,6525,0,0,1,1,0,0,0,0,0,0,0,0,0,0,
692,693,1173,d,520,3867,1,0,1,1,0,0,0,0,0,1,0,0,0,0,O
693,694,1174,d,346,4235,1,0,1,1,0,0,0,0,0,0,0,0,0,0,
694,695,1175,a,209,2862,0,0,1,1,0,0,0,0,0,0,1,0,0,0,P
695,696,1177,a,227,3393,1,0,0,1,0,0,0,0,1,0,0,0,0,0,N
696,697,1178,a,143,3488,0,1,1,1,0,0,0,0,0,0,0,0,0,0,
697,698,1180,d,164,3972,0,0,0,0,0,0,0,0,0,0,0,0,0,0,
698,699,1181,d,79,3911,1,0,0,0,0,0,0,0,1,0,0,0,0,0,N
699,700,1182,d,625,4345,0,0,1,1,0,0,0,0,0,0,0,0,0,0,
700,701,1184,d,188,3987,0,0,0,1,0,0,0,0,0,0,0,0,0,1,S
701,702,1185,a,263,3199,1,0,1,1,0,0,0,0,0,0,1,0,0,0,P
702,703,1186,a,117,2796,0,0,0,1,0,0,0,0,0,0,0,0,0,1,S
703,704,1188,a,6,1826,0,0,1,0,0,0,0,0,1,0,0,0,1,0,NR
704,705,1190,a,20,1464,0,1,0,0,0,0,0,0,0,0,0,0,0,0,
705,706,1191,a,51,1665,0,1,0,0,0,0,0,0,0,0,0,0,0,0,
706,707,1194,a,7,1007,0,0,0,0,0,0,0,0,0,1,0,0,0,0,O
707,708,1195,a,40,2396,0,0,0,0,0,0,1,0,0,0,0,0,0,0,F
708,709,1196,a,10,1696,0,0,1,1,0,0,0,0,1,0,0,0,1,0,NR
709,710,1197,a,72,2010,0,1,0,0,0,0,0,0,0,0,0,0,0,0,
710,711,1198,a,36,3373,0,1,0,0,0,0,0,0,0,0,0,0,0,0,
711,712,1201,f,11478,4084,1,1,0,1,0,0,0,0,0,1,0,0,0,0,O
712,713,1203,f,10388,4402,1,1,0,1,0,0,0,0,0,1,0,0,0,0,O
713,714,1204,h,5053,5172,0,1,1,1,0,0,0,0,0,0,0,0,0,0,
714,715,1205,i,11191,5557,0,1,1,1,0,0,0,0,1,0,0,0,0,0,N
715,716,1206,f,15430,4292,0,0,1,0,0,0,0,0,0,0,0,0,0,0,
716,717,1207,h,4481,5567,0,0,1,1,0,0,0,0,0,1,0,0,0,0,O
717,718,1208,f,9995,4082,1,1,0,1,0,0,0,0,0,1,0,0,0,0,O
718,719,1209,i,26029,5017,0,1,0,1,0,0,0,0,0,0,0,0,0,0,
719,720,1210,f,44633,4486,1,1,1,0,0,0,0,0,0,0,0,0,0,0,
720,721,1211,f,22057,4067,0,0,0,0,0,0,0,0,0,0,0,0,0,0,
721,722,1212,f,10705,4173,0,1,0,1,0,0,0,0,0,1,0,0,0,0,O
722,723,1213,e,7934,4125,0,0,1,1,0,0,0,0,0,0,0,0,0,0,
723,724,1214,f,8580,3755,0,1,1,1,0,0,0,0,0,0,0,0,0,0,
724,725,1215,i,22882,4903,0,1,1,1,0,0,0,0,0,0,0,0,0,0,
725,726,1217,h,7438,4851,1,1,1,1,0,0,0,0,0,0,0,0,0,0,
726,727,1218,f,10927,3928,0,1,1,1,0,0,0,0,0,0,1,0,0,0,P
727,728,1220,c,12464,3432,0,0,1,1,0,0,0,0,0,1,0,0,0,0,O
728,729,1221,f,13724,3929,0,0,1,0,0,0,0,0,0,0,0,0,0,0,
729,730,1222,i,24652,5468,0,1,1,1,0,0,0,0,0,0,0,0,0,0,
730,731,1224,i,14233,4940,0,0,1,1,0,0,0,0,0,0,0,0,0,0,
731,732,1226,f,12250,4256,0,1,1,1,0,0,0,0,0,1,0,0,0,0,O
732,733,1227,h,5319,4641,0,1,1,1,0,0,0,0,0,0,0,0,0,0,
733,734,1228,h,5020,4761,0,0,1,1,0,0,0,0,0,1,0,0,0,0,O
734,735,1229,g,3422,4535,0,1,1,1,0,0,0,0,0,0,0,0,0,0,
735,736,1230,e,6053,4429,0,0,1,1,0,0,0,0,0,0,0,0,0,0,
736,737,1231,i,19739,5582,1,1,1,1,0,0,0,0,0,0,0,0,0,0,
737,738,1232,i,12489,4805,0,0,1,1,0,0,0,0,0,0,0,0,0,0,
738,739,1233,i,8438,4634,0,0,1,1,0,0,0,0,0,1,0,0,0,0,O
739,740,1235,i,12007,4695,0,0,1,1,0,0,0,0,0,1,0,0,0,0,O
740,741,1239,d,2267,4456,0,0,1,0,0,0,0,0,1,0,0,0,0,0,N
741,742,1240,h,3932,4805,0,0,1,0,0,0,0,0,1,0,0,0,0,0,N
742,743,1241,g,3055,5211,0,0,1,0,0,0,0,0,1,0,1,0,0,0,NP
743,744,1242,g,1514,5853,0,0,1,0,0,0,0,0,0,0,1,0,0,0,P
744,745,1243,f,12899,4123,0,1,1,0,0,0,0,0,0,0,1,0,0,0,P
745,746,1244,f,12298,3922,0,0,1,0,0,0,0,0,0,1,1,0,0,0,OP
746,747,1245,f,11159,4007,1,1,1,1,0,0,0,0,0,1,0,0,0,0,O
747,748,1246,i,8370,4709,0,1,1,1,0,0,0,0,0,1,0,0,0,0,O
748,749,1247,h,6508,4677,1,1,1,0,0,0,0,0,0,1,0,0,0,0,O
749,750,1248,f,13062,4007,0,0,1,1,0,0,0,0,0,0,0,0,0,0,
750,751,1249,b,6982,3396,0,0,1,1,0,0,0,0,0,0,0,0,0,0,
751,752,1250,g,1378,5713,0,0,0,1,0,0,0,0,0,0,0,0,0,0,
752,753,1251,f,9126,4417,0,1,1,1,0,0,0,0,0,0,0,0,0,0,
753,754,1253,d,3275,3853,0,1,1,1,0,0,0,0,0,0,0,0,0,0,
754,755,1257,h,5892,4721,1,1,0,0,0,0,0,0,0,1,0,0,0,0,O
755,756,1258,d,3445,4248,0,0,1,1,0,0,0,0,0,1,0,0,0,0,O
756,757,1259,e,7222,4364,0,1,1,0,0,0,0,0,0,0,1,0,0,0,P
757,758,1260,e,5916,3817,0,0,0,1,0,0,0,0,0,0,0,0,0,0,
758,759,1262,e,6038,4407,0,1,0,1,0,0,0,0,0,0,0,0,0,0,
759,760,1263,g,1533,4684,0,0,0,1,0,0,0,0,0,0,0,0,0,1,S
760,761,1264,h,6185,4538,0,1,1,0,0,0,0,0,0,0,0,0,0,0,
761,762,1265,e,7052,3965,0,1,1,1,0,0,0,0,0,0,0,0,0,0,
762,763,1266,g,1740,4852,0,0,1,0,0,0,0,0,1,0,0,0,1,0,NR
763,764,1267,h,6166,5074,0,0,1,1,0,0,0,0,0,0,0,0,0,0,
764,765,1268,i,13920,5178,0,1,1,1,0,0,0,0,0,0,0,0,0,0,
765,766,1269,h,6694,4566,0,0,1,1,0,0,0,0,0,0,0,0,0,0,
766,767,1274,d,3198,3893,1,1,0,1,0,0,0,0,0,0,0,0,0,0,
767,768,1275,g,1498,4942,0,0,1,1,0,0,0,0,0,0,0,0,0,0,
768,769,1277,g,3100,4711,0,0,1,1,0,0,0,0,0,0,0,0,0,0,
769,770,1278,i,8421,4800,0,0,0,0,0,0,0,0,0,0,0,0,0,0,
770,771,1279,g,1631,4928,0,1,1,1,0,0,0,0,0,1,0,0,0,0,O
771,772,1280,d,1947,4432,0,1,1,0,0,0,0,0,0,1,0,0,0,0,O
772,773,1282,g,3241,5977,0,0,1,1,0,0,0,0,0,1,0,0,0,0,O
773,774,1283,d,1967,3675,0,0,1,1,0,0,0,0,0,0,0,0,0,0,
774,775,1285,g,2054,5212,0,0,0,1,0,0,0,0,0,0,0,0,0,0,
775,776,1286,h,4282,4695,0,0,0,1,0,0,0,0,0,0,0,0,0,1,S
776,777,1287,g,1911,5105,1,0,0,1,0,0,0,0,0,0,0,0,0,0,
777,778,1288,e,6354,3536,1,0,1,1,0,0,0,0,0,0,0,0,0,0,
778,779,1289,g,3476,5316,0,0,0,1,0,0,0,0,0,0,0,0,0,0,
779,780,1290,d,394,3768,0,0,0,1,0,0,0,0,0,0,0,0,0,0,
780,781,1291,g,745,4673,0,0,1,1,0,0,0,0,0,0,1,0,0,0,P
781,782,1293,d,1501,3524,0,0,1,1,0,0,0,0,0,0,0,0,0,0,
782,783,1295,g,2850,5101,1,1,1,1,0,0,0,0,0,0,0,0,0,0,
783,784,1296,a,121,2287,0,0,1,0,0,0,0,0,0,0,0,0,0,0,
784,785,1297,d,1547,3842,0,0,1,0,0,0,0,0,0,0,0,0,0,0,
785,786,1299,d,414,3694,0,0,0,1,0,0,0,0,1,0,0,0,0,0,N
786,787,1300,a,58,2512,0,0,1,1,0,0,0,0,0,0,0,0,0,1,S
787,788,1302,b,6640,3148,1,1,1,1,1,0,0,0,0,0,0,0,0,0,
788,789,1303,f,12143,3741,1,1,1,1,0,0,0,0,0,0,1,0,0,0,P
789,790,1304,a,2530,3480,1,0,1,0,0,0,0,0,0,0,0,0,0,0,
790,791,1305,i,11906,4547,1,1,1,0,0,0,0,0,0,0,0,0,0,0,
791,792,1306,f,14244,3717,1,1,1,1,1,0,0,0,0,0,0,0,0,0,
792,793,1308,f,36541,3818,0,0,0,1,0,0,0,0,0,0,0,0,0,0,
793,794,1313,h,4828,4581,1,0,0,1,0,0,0,0,0,0,0,0,0,0,
794,795,1314,d,3005,4188,1,0,1,1,0,0,0,0,0,0,0,0,0,0,
795,796,1315,e,4276,4239,0,0,0,1,0,0,0,0,0,0,0,0,0,0,
796,797,1316,e,4576,4238,0,0,0,1,0,0,0,0,0,0,0,0,0,0,
797,798,1317,d,1022,4393,1,0,0,0,0,0,0,0,0,0,0,0,0,0,
798,799,1318,e,7842,3763,1,1,1,1,0,0,0,0,0,0,0,0,0,0,
799,800,1319,i,11740,4891,1,0,0,0,0,0,0,0,0,0,1,0,0,0,P
800,801,1320,b,6894,3360,1,0,1,0,0,0,0,0,0,0,0,0,0,0,
801,802,1321,f,12405,3838,1,1,0,1,0,0,0,0,0,0,0,0,0,0,
802,803,1322,b,5918,3253,0,0,0,1,0,0,0,0,0,0,0,0,0,0,
803,804,1323,h,7379,4792,0,1,1,1,0,0,0,0,0,0,0,0,0,0,
804,805,1325,e,3786,4224,1,1,1,1,0,0,0,0,0,0,0,0,0,0,
805,806,1326,h,4889,4610,1,1,1,1,0,0,0,0,0,0,0,0,0,0,
806,807,1327,e,4209,3883,0,1,1,1,0,0,0,0,0,1,0,0,0,0,O
807,808,1328,f,11779,4019,1,1,1,0,0,0,0,0,0,0,0,0,0,0,
808,809,1332,h,7293,5699,1,1,0,0,0,0,0,0,0,0,0,0,0,0,
809,810,1333,e,6851,4289,1,1,0,1,0,0,0,0,0,0,0,0,0,0,
810,811,1334,d,3172,4349,1,0,0,1,0,0,0,0,0,0,0,0,0,0,
811,812,1336,e,6865,4460,1,1,1,1,0,0,0,0,0,0,1,0,0,0,P
812,813,1337,i,12886,4678,1,1,1,0,0,0,0,0,0,0,0,1,0,0,Q
813,814,1338,e,7517,4093,1,1,0,1,0,0,0,0,0,0,0,0,0,0,
814,815,1339,h,3690,4782,1,0,0,1,0,0,0,0,0,0,0,0,0,0,
815,816,1340,g,1619,5013,1,0,0,1,0,0,0,0,0,0,0,0,0,0,
816,817,1342,d,2103,3603,1,0,1,1,1,0,0,0,1,1,0,0,0,0,NO
817,818,1343,b,3760,2862,1,1,1,1,1,0,0,0,0,0,0,0,0,0,
818,819,1344,e,3765,4105,1,0,1,1,0,0,0,0,0,0,0,0,0,0,
819,820,1346,e,4150,3511,1,0,0,1,0,0,0,0,0,0,0,0,0,0,
820,821,1347,d,1925,4440,0,0,0,1,0,0,0,0,0,0,0,0,0,0,
821,822,1348,a,2897,2711,1,1,1,1,0,0,0,0,0,0,0,0,0,0,
822,823,1349,g,1308,5184,1,0,1,1,0,0,0,0,1,0,0,0,0,0,N
823,824,1351,e,8128,4240,0,0,1,1,0,0,0,0,0,0,0,0,0,0,
824,825,1352,d,2351,3730,1,1,1,1,0,0,0,0,0,0,0,0,0,0,
825,826,1353,g,957,5225,1,1,1,1,0,0,0,0,0,0,0,0,0,0,
826,827,1354,e,5223,3703,1,1,0,1,0,0,0,0,0,0,0,0,0,0,
827,828,1355,h,7889,5412,1,1,0,1,0,0,0,0,0,0,0,0,0,0,
828,829,1357,g,1718,4900,1,0,0,0,0,0,0,0,0,0,0,0,0,0,
829,830,1358,d,1818,4217,1,0,0,1,0,0,0,0,0,1,0,0,0,0,O
830,831,1359,g,2150,6055,1,0,1,1,0,0,0,0,0,0,0,0,0,0,
831,832,1360,d,1377,3597,1,0,0,1,0,0,0,0,0,0,0,0,0,0,
832,833,1361,e,4360,3735,0,0,1,1,1,0,0,0,0,0,0,0,0,0,
833,834,1362,a,227,3455,1,1,1,1,0,0,0,0,0,0,0,0,0,0,
834,835,1363,d,255,3700,1,1,1,1,0,0,0,0,0,0,0,0,0,0,
835,836,1364,a,135,3017,1,1,1,1,1,0,0,0,0,0,0,0,0,0,
836,837,1365,a,80,2052,1,0,1,1,1,0,0,0,0,1,0,0,0,0,O
837,838,1366,g,51,5980,0,1,1,1,0,0,0,0,0,0,0,0,0,0,
838,839,1367,g,73,4873,1,1,1,0,0,0,0,0,0,0,0,0,0,0,
839,840,1368,d,163,4038,1,1,1,1,0,0,0,0,0,0,0,0,0,0,
840,841,1369,a,200,3395,1,0,0,1,0,0,0,0,0,0,0,0,0,0,
841,842,1370,a,143,3100,1,0,1,1,0,0,0,0,0,1,0,0,0,0,O
842,843,1372,d,843,4470,0,1,0,0,0,0,0,0,0,0,0,0,0,0,
843,844,1373,g,215,6040,1,1,0,1,0,0,0,0,0,0,1,0,0,0,P
844,845,1401,i,9812,4931,1,1,0,0,0,0,0,0,0,1,0,0,0,0,O
845,846,1402,e,5798,3685,1,0,1,1,0,0,0,0,0,0,0,0,0,0,
846,847,1403,f,17270,4117,0,1,0,0,0,0,0,0,0,0,0,0,0,0,
847,848,1404,e,7129,3661,0,1,0,0,0,0,0,0,0,0,0,0,0,0,
848,849,1405,f,13659,3622,1,1,0,1,0,0,0,0,0,0,0,0,0,0,
849,850,1406,d,1504,4149,0,1,1,1,0,0,0,0,0,1,0,0,0,1,OS
850,851,1407,e,5440,3594,1,1,0,0,0,0,0,0,0,0,0,0,0,0,
851,852,1408,h,7097,4776,1,1,0,1,0,0,0,0,0,0,0,0,0,0,
852,853,1410,g,3082,4777,1,1,1,1,0,0,0,0,0,0,0,0,0,0,
853,854,1411,e,3690,3520,1,0,0,1,0,0,0,0,0,0,0,0,0,0,
854,855,1412,e,4329,4326,1,1,0,1,0,0,0,0,0,0,0,0,0,0,
855,856,1413,h,5596,4818,1,1,1,1,0,0,0,0,0,0,0,0,0,0,
856,857,1414,h,7707,4521,1,1,1,0,0,0,0,0,0,0,0,0,0,0,
857,858,1416,b,6155,3198,0,1,0,1,0,0,0,0,0,0,0,0,0,0,
858,859,1418,d,2970,4101,0,0,0,1,0,0,0,0,0,0,0,0,0,0,
859,860,1420,e,3953,3781,0,0,1,0,0,0,0,0,0,0,0,0,0,0,
860,861,1421,a,1880,2790,1,1,1,0,0,0,0,0,0,0,0,0,0,1,S
861,862,1422,d,1714,3872,0,0,0,0,0,0,0,0,0,0,0,0,0,0,
862,863,1424,d,1007,4026,0,1,1,1,0,0,0,1,0,1,0,0,0,1,LOS
863,864,1425,e,4703,3707,1,0,1,1,0,0,0,0,0,0,1,0,0,0,P
864,865,1426,d,3084,4223,0,1,1,1,0,0,0,0,0,0,0,0,0,0,
865,866,1427,a,2920,3438,0,1,1,1,0,0,0,0,0,0,0,0,0,0,
866,867,1428,b,6275,2965,1,0,1,1,0,0,0,0,0,0,0,0,0,0,
867,868,1429,h,4511,4513,1,1,0,1,0,0,0,0,0,0,0,0,0,0,
868,869,1430,b,7023,3478,0,0,1,1,0,0,0,0,0,0,0,0,0,0,
869,870,1431,c,8248,3491,1,0,1,1,0,0,0,0,0,0,0,0,0,0,
870,871,1433,f,9037,3961,1,1,0,1,0,0,0,0,0,0,0,0,0,0,
871,872,1434,h,5363,5133,1,0,0,0,0,0,0,0,0,0,0,0,0,0,
872,873,1435,d,1592,4229,0,0,1,0,0,0,0,0,0,0,0,0,0,0,
873,874,1436,a,3469,3460,0,0,1,1,0,0,0,0,0,0,0,0,0,0,
874,875,1437,h,3854,4590,1,0,0,0,0,0,0,0,0,0,0,0,0,0,
875,876,1438,f,9349,3947,1,1,1,1,0,0,0,0,0,0,0,0,0,0,
876,877,1440,e,5697,4239,1,0,0,0,0,0,0,0,0,0,0,0,0,0,
877,878,1441,e,5379,3734,0,0,0,1,0,0,0,0,0,0,0,0,0,0,
878,879,1442,e,3854,3539,1,0,0,1,0,0,0,0,0,0,0,0,0,0,
879,880,1443,d,2066,3687,0,0,1,1,0,0,0,0,0,1,0,0,0,0,O
880,881,1444,g,2430,5567,0,0,1,1,0,0,0,0,0,0,0,0,0,0,
881,882,1445,g,646,5811,0,0,0,0,0,0,0,1,0,0,0,0,0,0,L
882,883,1446,e,4987,3741,0,0,0,1,0,0,0,0,0,0,0,0,0,0,
883,884,1447,e,5617,3767,1,1,0,1,0,0,0,0,0,0,0,0,0,0,
884,885,1448,f,8363,3627,0,1,0,0,0,0,0,0,0,0,0,0,0,0,
885,886,1449,b,6534,3251,0,1,0,1,0,0,0,0,0,0,0,0,0,0,
886,887,1450,g,2412,5503,1,1,0,1,0,0,0,0,0,0,0,0,0,0,
887,888,1451,h,5417,6125,0,1,0,0,0,0,0,0,0,0,0,0,0,0,
888,889,1452,g,2689,5779,1,0,0,1,0,0,0,0,0,0,0,0,0,0,
889,890,1453,g,814,5142,0,1,1,1,0,0,0,0,1,1,0,0,0,0,NO
890,891,1454,d,2883,3927,0,1,0,1,0,0,0,0,0,0,0,0,0,0,
891,892,1455,b,4114,3469,0,1,0,1,0,0,0,0,0,0,0,0,0,0,
892,893,1456,a,2360,3152,0,0,1,1,0,0,0,0,0,1,0,0,0,0,O
893,894,1457,d,1718,3525,1,0,1,0,0,0,0,0,0,0,1,0,0,0,P
894,895,1458,a,222,2741,1,1,0,0,0,0,0,0,0,0,0,0,0,0,
895,896,1459,d,99,4085,0,1,1,0,0,0,0,0,0,0,0,0,0,0,
896,897,1501,e,6931,4083,1,1,1,1,0,0,0,0,0,0,0,0,0,0,
897,898,1503,f,16002,3922,1,1,1,0,0,0,0,0,0,0,0,1,0,0,Q
898,899,1504,e,3977,4253,1,0,0,1,0,0,0,0,0,0,0,0,0,0,
899,900,1506,e,6111,3592,1,0,0,1,0,0,0,0,0,0,0,0,0,0,
900,901,1509,e,3798,4123,1,0,1,1,0,0,0,0,0,1,0,0,0,0,O
901,902,1510,a,1706,3339,1,0,1,1,0,0,0,0,0,0,0,0,0,0,
902,903,1511,g,1738,4630,1,0,1,1,0,0,0,0,0,0,0,0,0,0,
903,904,1512,h,6427,5516,1,0,1,1,0,0,0,0,0,0,0,0,0,0,
904,905,1513,a,1592,3392,1,1,1,0,0,0,0,0,0,0,0,1,0,0,Q
905,906,1514,h,7749,4839,1,1,1,0,0,0,0,0,0,0,0,0,0,0,
906,907,1515,e,4401,4086,1,0,0,1,0,0,0,0,0,0,0,0,0,0,
907,908,1516,d,2672,4232,1,0,0,1,0,0,0,0,0,0,0,0,0,0,
908,909,1518,b,3777,3206,0,0,0,0,0,0,0,0,0,0,0,0,0,0,
909,910,1519,e,3981,4068,0,0,1,0,0,0,0,0,0,1,0,0,0,0,O
910,911,1520,e,4914,3838,1,1,0,0,0,0,0,0,0,0,0,0,0,0,
911,912,1522,g,3026,4956,0,0,1,1,0,0,0,0,0,0,0,0,0,0,
912,913,1525,e,3874,3632,1,1,1,1,0,0,0,0,0,0,0,0,0,0,
913,914,1526,a,2295,3184,1,0,0,1,0,0,0,0,0,0,0,1,0,0,Q
914,915,1527,a,2709,3432,1,1,1,1,0,0,0,0,0,0,0,0,0,0,
915,916,1528,d,2199,4053,1,0,0,1,0,0,0,0,1,0,0,0,0,0,N
916,917,1529,e,4979,3518,0,0,1,1,0,0,0,0,0,0,0,0,0,0,
917,918,1530,e,4788,3823,1,0,0,1,0,0,0,0,0,0,0,0,0,0,
918,919,1531,f,8732,4123,1,1,0,1,0,0,0,0,0,0,0,0,0,0,
919,920,1532,g,2101,6328,1,0,1,1,0,0,0,0,0,0,0,0,0,0,
920,921,1533,h,4270,5370,1,0,1,1,0,0,0,0,0,0,0,0,0,0,
921,922,1534,g,3437,5034,1,0,1,1,0,0,0,0,0,0,0,0,0,0,
922,923,1535,e,7674,3800,1,1,1,0,0,0,0,0,0,0,0,0,0,0,
923,924,1536,g,3093,4504,1,0,1,1,0,0,0,0,0,0,0,0,0,0,
924,925,1537,g,1479,5855,0,0,0,0,0,0,0,0,0,1,0,0,0,0,O
925,926,1538,d,1716,4102,1,0,1,1,0,0,0,0,0,0,0,0,0,0,
926,927,1539,g,3480,4638,0,0,1,1,0,0,0,0,0,0,0,0,0,0,
927,928,1540,a,2569,3253,0,0,0,1,0,0,0,0,0,1,0,0,0,0,O
928,929,1541,a,1221,3027,1,0,0,1,0,0,0,0,0,0,0,0,0,0,
929,930,1542,d,1373,3762,1,0,0,1,0,0,0,0,0,0,0,0,0,0,
930,931,1543,d,1959,4068,1,0,0,1,0,0,0,0,0,1,0,0,0,0,O
931,932,1545,g,531,4633,1,0,0,1,0,0,0,0,0,0,0,0,0,0,
932,933,1546,g,146,4959,1,1,0,1,0,0,0,0,0,0,0,0,0,0,
933,934,1601,i,17738,4790,1,1,0,0,0,0,0,0,0,0,0,0,0,0,
934,935,1602,h,6376,4558,0,1,0,0,0,0,0,0,0,0,0,0,0,0,
935,936,1603,i,8565,5939,1,0,1,1,0,0,0,0,1,0,0,0,0,0,N
936,937,1605,h,5693,4670,0,1,0,1,0,0,0,0,0,0,0,0,0,0,
937,938,1606,f,13727,4431,1,1,0,1,0,0,0,0,0,0,0,0,0,0,
938,939,1608,f,16645,3699,1,1,0,1,0,0,0,0,0,0,0,0,0,0,
939,940,1610,i,17160,4814,1,1,0,1,0,0,0,0,0,0,0,0,0,0,
940,941,1611,f,19297,3998,1,0,0,1,0,0,0,0,0,1,0,0,0,0,O
941,942,1616,f,15546,3763,1,1,0,1,0,0,0,0,0,0,0,0,0,0,
942,943,1617,h,4847,4782,1,0,0,1,0,0,0,0,0,1,0,0,0,0,O
943,944,1619,f,9670,3625,1,0,0,1,0,0,0,0,0,1,0,0,0,0,O
944,945,1620,b,6069,3373,1,0,0,1,0,0,0,0,1,0,0,0,0,0,N
945,946,1623,f,14642,3841,1,1,0,1,0,0,0,0,0,1,0,0,0,0,O
946,947,1625,f,15242,4287,1,1,0,1,0,0,0,0,0,0,1,0,0,0,P
947,948,1627,h,3512,4883,1,1,0,0,0,0,0,0,0,1,1,0,0,0,OP
948,949,1628,g,3192,5516,1,0,0,1,0,0,0,0,0,1,1,0,0,0,OP
949,950,1630,g,2616,4502,1,1,0,1,0,0,0,0,0,1,1,0,0,0,OP
950,951,1634,e,4767,4183,0,1,0,1,0,0,0,0,0,0,0,0,0,0,
951,952,1635,d,2011,4489,0,0,0,0,0,0,0,0,0,1,0,0,0,0,O
952,953,1636,f,15504,3828,0,0,1,1,0,0,0,0,0,0,0,0,0,0,
953,954,1637,f,22178,4179,1,1,0,1,0,0,0,0,0,1,0,0,0,0,O
954,955,1639,g,2789,5324,1,1,0,1,0,0,0,0,0,1,0,0,0,0,O
955,956,1640,h,4301,6152,1,0,0,0,0,0,0,0,0,0,0,0,0,0,
956,957,1641,g,2948,5710,1,0,0,1,0,0,0,0,0,1,0,0,0,0,O
957,958,1642,e,6354,3582,0,0,0,1,0,0,0,0,1,0,0,0,0,0,N
958,959,1643,h,7085,5691,1,1,0,1,0,0,0,0,0,0,0,0,0,0,
959,960,1646,g,1925,4742,0,0,0,1,0,0,0,0,0,0,0,0,0,0,
960,961,1650,h,6371,4518,1,0,0,1,0,0,0,0,0,1,0,0,0,0,O
961,962,1651,g,3014,5258,1,0,0,1,0,0,0,0,0,1,1,0,0,0,OP
962,963,1652,g,653,5923,1,1,0,1,0,0,0,0,0,1,0,0,0,0,O
963,964,1653,b,5568,3409,1,1,0,1,0,0,0,0,0,0,0,0,0,0,
964,965,1654,d,1810,3635,0,1,0,1,0,0,0,0,0,0,0,0,0,0,
965,966,1655,e,7277,4211,1,0,0,1,0,0,0,0,0,0,0,0,0,0,
966,967,1656,e,5985,3574,1,0,0,1,0,0,0,0,0,0,0,0,0,0,
967,968,1657,h,3871,5345,0,1,1,1,0,0,0,0,0,0,0,0,0,0,
968,969,1659,g,3120,4695,1,0,0,1,0,0,0,0,0,0,0,0,0,0,
969,970,1660,a,1910,3223,0,0,0,1,0,0,0,1,0,0,0,0,0,0,L
970,971,1661,d,3153,4238,1,0,0,1,0,0,0,0,0,0,0,0,0,0,
971,972,1662,h,4642,4739,1,1,0,1,0,0,0,0,0,0,0,0,0,0,
972,973,1663,i,9111,4766,1,0,0,1,0,0,0,0,0,0,0,0,0,0,
973,974,1664,d,886,3736,1,0,0,1,0,0,0,0,0,0,0,0,0,0,
974,975,1665,d,2619,3565,1,0,0,1,0,0,0,0,0,0,0,0,0,0,
975,976,1666,e,3746,4484,0,0,0,1,0,0,0,0,0,1,0,0,0,0,O
976,977,1667,a,2854,3309,0,0,0,1,0,0,0,0,0,0,0,0,0,0,
977,978,1668,e,6781,4190,1,1,0,1,0,0,0,0,0,0,0,0,0,0,
978,979,1669,e,4692,4095,1,1,0,1,0,0,0,0,1,0,0,0,0,0,N
979,980,1670,a,3495,3398,0,0,0,1,0,0,0,0,0,0,0,0,0,0,
980,981,1671,g,2892,5043,1,0,0,1,0,0,0,0,0,0,0,0,0,0,
981,982,1672,g,2284,4707,0,0,1,0,0,0,0,1,0,0,0,0,0,0,L
982,983,1673,b,7714,3387,1,1,0,1,0,0,0,0,0,0,0,0,0,0,
983,984,1674,h,4958,4837,1,1,1,1,0,0,0,0,0,0,0,0,0,0,
984,985,1675,d,707,3901,1,0,0,1,0,0,0,0,0,0,0,0,0,0,
985,986,1677,d,2302,4146,0,0,0,1,0,0,0,0,0,0,0,0,0,0,
986,987,1678,a,1357,3487,0,0,0,1,0,0,0,0,0,0,0,0,0,0,
987,988,1679,g,1972,5148,0,0,0,1,0,0,0,0,0,0,0,0,1,0,R
988,989,1680,g,565,5143,0,0,0,1,0,0,0,0,0,0,0,0,1,0,R
989,990,1681,b,4831,3424,0,0,0,1,0,0,0,0,0,0,0,0,0,0,
990,991,1682,a,3336,3362,0,0,0,1,0,0,0,0,0,0,1,0,0,0,P
991,992,1683,a,211,2469,1,0,0,1,0,0,0,0,0,1,0,0,0,0,O
992,993,1684,d,318,3990,1,1,0,1,0,0,0,0,0,0,0,0,0,0,
993,994,1685,a,183,2907,1,0,0,1,0,0,0,0,0,0,0,0,0,0,
994,995,1686,a,228,2735,1,0,0,1,0,0,0,0,0,0,0,0,0,0,
995,996,1687,a,1,750,0,1,1,0,0,0,0,0,1,0,0,0,0,0,N
996,997,1688,d,143,3699,1,1,0,1,0,0,0,0,0,0,0,0,0,0,
997,998,1689,d,127,3578,1,1,0,1,0,0,0,0,0,0,0,0,0,0,
998,999,1690,a,117,2473,0,1,0,1,0,0,0,0,0,0,0,0,0,0,
999,1000,1691,a,189,3200,1,0,0,1,0,0,0,0,0,0,0,0,0,0,
1000,1001,1702,h,5684,4909,1,1,1,1,0,0,0,0,0,0,0,0,0,1,S
1001,1002,1703,g,3205,8060,0,1,1,0,0,0,0,0,0,0,0,0,0,0,
1002,1003,1705,h,7196,5365,1,1,0,1,0,0,0,0,0,0,0,0,0,0,
1003,1004,1706,e,5793,4108,1,1,0,0,0,0,0,0,0,0,0,0,0,0,
1004,1005,1707,e,6466,4452,1,0,1,1,0,0,0,0,0,1,0,0,0,0,O
1005,1006,1708,e,5764,4262,1,0,1,1,0,0,0,0,0,0,0,0,0,0,
1006,1007,1709,f,11661,4389,1,1,1,1,0,0,0,0,0,0,0,0,0,0,
1007,1008,1712,i,9594,4844,1,1,1,0,0,0,0,0,0,1,0,0,0,0,O
1008,1009,1713,e,4865,4201,1,0,1,1,0,0,0,0,0,0,0,0,0,0,
1009,1010,1714,d,1703,3542,0,0,1,1,0,0,0,0,0,0,0,0,0,1,S
1010,1011,1715,g,3307,4998,0,0,1,1,0,0,0,0,0,0,0,0,0,0,
1011,1012,1716,g,2457,5336,1,1,1,0,0,0,0,0,0,1,0,0,0,0,O
1012,1013,1717,d,909,4479,1,1,1,1,0,0,0,0,0,1,0,0,0,0,O
1013,1014,1719,d,1854,4427,1,0,0,1,0,0,0,0,0,0,0,0,0,0,
1014,1015,1720,h,4719,7792,1,1,0,1,0,0,0,0,0,0,0,0,0,0,
1015,1016,1721,b,6589,3167,1,1,1,1,0,0,0,0,0,1,0,0,0,0,O
1016,1017,1722,d,1868,4283,0,0,0,1,0,0,0,0,1,0,0,0,0,0,N
1017,1018,1723,g,2245,5535,1,0,1,1,0,0,0,0,0,0,0,0,0,0,
1018,1019,1725,a,1098,3140,0,0,1,1,0,0,0,0,1,0,0,0,0,0,N
1019,1020,1726,h,3844,4691,1,0,1,1,0,0,0,0,0,0,0,0,0,0,
1020,1021,1727,g,838,6802,1,0,0,1,0,0,0,0,0,0,0,0,0,0,
1021,1022,1728,g,680,5532,1,1,0,0,0,0,0,0,0,0,0,0,0,0,
1022,1023,1729,a,89,3360,0,0,1,1,0,0,0,0,0,1,0,0,0,0,O
1023,1024,1730,g,26,5645,0,1,1,1,0,0,0,0,0,0,0,0,0,0,
1024,1025,1732,g,73,7033,1,1,0,1,0,0,0,0,0,1,0,0,0,0,O
1025,1026,1733,a,172,3421,0,0,1,1,0,0,0,0,0,0,0,0,0,0,
1026,1027,1734,g,151,4684,1,0,1,1,0,0,0,0,0,0,0,0,0,0,
1027,1028,1735,a,53,2818,1,1,0,1,0,0,0,0,0,0,0,0,0,0,
1028,1029,1736,a,62,2017,1,0,1,1,0,0,0,0,0,0,0,0,0,0,
1029,1030,1737,d,138,4297,0,0,1,0,0,0,0,0,0,1,1,0,0,0,OP
1030,1031,1741,a,165,3408,1,0,1,0,0,0,0,0,0,0,0,0,0,0,
1031,1032,1804,h,4848,5039,0,1,0,1,0,0,0,0,0,0,0,0,0,0,
1032,1033,1805,g,3308,5027,1,0,0,0,0,0,0,0,0,0,0,0,0,0,
1033,1034,1806,d,2280,4464,1,0,0,0,0,0,0,0,0,0,0,0,0,0,
1034,1035,1808,b,5198,2906,1,0,0,0,0,0,0,0,0,1,0,0,0,0,O
1035,1036,1809,e,3588,4212,1,0,0,0,0,0,0,0,1,1,0,0,0,0,NO
1036,1037,1812,d,3397,4024,1,0,0,0,0,1,0,0,0,0,0,0,0,0,D
1037,1038,1814,b,5600,3151,1,0,0,1,0,0,0,0,0,0,0,0,0,0,
1038,1039,1816,g,1588,6314,1,0,1,1,0,0,0,0,0,0,0,0,0,0,
1039,1040,1819,g,2984,4548,0,1,0,1,0,0,0,0,0,1,0,0,0,0,O
1040,1041,1820,g,1492,7329,0,0,1,1,0,0,0,0,0,1,0,0,0,0,O
1041,1042,1821,g,1909,5427,1,0,1,1,0,0,0,0,0,0,0,0,0,0,
1042,1043,1822,g,3143,6015,1,0,1,1,0,0,0,0,0,0,0,0,0,0,
1043,1044,1823,d,2622,3986,0,0,0,1,0,0,0,0,0,0,0,0,0,0,
1044,1045,1824,h,6354,6896,0,0,0,0,0,0,0,1,1,0,0,0,0,0,LN
1045,1046,1825,g,1847,7571,0,1,0,0,0,0,0,0,0,0,0,0,0,1,S
1046,1047,1826,g,2609,5205,1,0,0,1,0,0,0,0,0,0,0,0,0,0,
1047,1048,1827,i,8494,8894,0,1,0,1,0,0,0,0,0,0,0,0,0,1,S
1048,1049,1829,b,4598,3302,1,0,1,1,0,0,0,0,0,0,0,0,0,0,
1049,1050,1830,e,5796,3854,1,0,0,1,0,0,0,0,0,0,0,0,0,0,
1050,1051,1831,d,3112,3868,1,0,1,1,0,0,0,0,0,0,0,0,0,0,
1051,1052,1833,b,4688,2851,1,1,0,1,0,0,0,0,0,0,0,0,0,0,
1052,1053,1834,i,8382,6590,1,1,0,0,0,0,0,0,0,0,0,0,0,0,
1053,1054,1835,h,4442,5694,1,0,0,0,0,1,0,0,0,1,1,0,0,0,DOP
1054,1055,1836,d,1075,4289,0,0,1,1,0,0,0,0,1,0,0,0,0,0,N
1055,1056,1839,d,2977,4037,1,0,0,0,0,1,0,0,0,0,1,0,0,0,DP
1056,1057,1840,g,1544,5081,1,0,0,0,0,1,0,0,0,0,0,0,0,0,D
1057,1058,1841,a,2469,2996,1,0,0,0,0,0,0,0,0,0,0,0,0,0,
1058,1059,1842,d,1103,4052,1,0,1,1,0,0,0,0,0,0,0,0,0,0,
1059,1060,1843,d,1983,3816,1,0,1,1,0,0,0,0,1,1,0,0,0,0,NO
1060,1061,1845,d,1811,3885,0,0,0,0,0,0,0,0,0,0,0,0,0,0,
1061,1062,1846,a,1205,3162,0,0,0,1,0,0,0,0,0,0,0,0,0,0,
1062,1063,1847,g,774,7400,0,0,0,1,0,0,0,0,0,0,0,0,0,0,
1063,1064,1848,d,1750,3539,1,0,0,0,0,1,0,0,0,1,0,0,0,0,DO
1064,1065,1849,g,848,4917,1,0,0,0,0,1,0,0,0,0,0,0,0,0,D
1065,1066,1850,d,1994,3715,1,1,0,0,0,1,0,0,0,0,1,0,0,0,DP
1066,1067,1851,h,5149,4695,1,1,0,0,0,0,0,0,0,0,0,0,0,0,
1067,1068,1853,d,62,3585,1,0,0,1,0,0,0,0,0,0,0,0,0,0,
1068,1069,1854,g,159,5118,0,0,0,1,0,0,0,0,0,0,0,0,0,0,
1069,1070,1855,d,44,3914,1,0,1,1,0,0,0,0,0,0,0,0,0,0,
1070,1071,1856,g,259,5243,1,0,1,1,0,0,0,0,0,0,1,0,0,0,P
1071,1072,1857,d,128,3816,0,0,0,1,0,0,0,0,0,0,0,0,0,1,S
1072,1073,1858,g,64,8708,0,1,0,0,0,0,0,0,0,0,0,0,0,0,
1073,1074,1901,e,7758,4111,1,0,1,1,0,0,0,0,0,1,0,0,0,0,O
1074,1075,1904,i,11834,4911,0,1,0,1,0,0,0,0,0,1,0,0,0,0,O
1075,1076,1906,i,37681,5299,1,1,0,0,0,0,0,0,0,1,0,0,0,0,O
1076,1077,1907,e,4897,3648,1,0,0,0,0,0,0,0,0,0,0,0,0,0,
1077,1078,1908,i,13809,5052,0,1,0,1,0,0,0,0,0,0,0,0,0,0,
1078,1079,1910,d,1507,4130,0,0,0,1,0,0,0,0,0,0,0,0,0,0,
1079,1080,1911,i,24709,5147,1,1,0,1,0,0,0,0,0,0,0,0,0,0,
1080,1081,1912,h,7546,5301,1,0,0,1,0,0,0,0,0,0,1,0,0,0,P
1081,1082,1913,h,4259,4557,1,1,0,1,0,0,0,0,0,0,0,0,0,0,
1082,1083,1914,i,8802,4521,1,1,0,1,0,0,0,0,0,1,0,0,0,0,O
1083,1084,1916,g,2896,5012,1,0,0,1,0,0,0,0,0,0,0,0,0,0,
1084,1085,1920,h,7494,4608,0,0,0,1,0,0,0,0,0,0,0,0,0,0,
1085,1086,1924,b,3680,3044,1,0,0,1,0,0,0,0,0,0,0,0,0,0,
1086,1087,1925,i,15650,5592,0,0,1,1,0,0,0,0,0,1,0,0,0,0,O
1087,1088,1928,i,9808,4909,0,1,1,1,0,0,0,1,0,1,0,0,0,0,LO
1088,1089,1929,e,5224,4244,1,0,1,1,0,0,0,0,0,0,0,0,0,0,
1089,1090,1930,d,3162,3776,1,0,1,1,0,0,0,0,0,1,0,0,0,0,O
1090,1091,1931,e,6260,4464,1,1,0,0,0,0,0,0,0,0,0,0,0,0,
1091,1092,1933,e,6070,4370,1,0,1,1,0,0,0,0,0,0,1,0,0,0,P
1092,1093,1936,g,2819,6303,1,1,0,0,0,0,0,0,0,0,0,0,0,0,
1093,1094,1937,h,3927,6366,0,0,1,1,0,0,0,0,0,0,0,0,0,0,
1094,1095,1943,g,1691,6084,1,0,0,1,0,0,0,0,0,0,0,0,0,0,
1095,1096,1946,f,8233,3942,1,1,0,0,0,0,0,0,0,0,0,0,0,0,
1096,1097,1951,d,3124,3884,1,0,0,1,0,0,0,0,1,0,0,0,0,0,N
1097,1098,1952,h,3791,5234,0,0,1,0,0,0,0,0,0,0,0,0,0,0,
1098,1099,1953,e,4273,4031,1,1,1,1,0,0,0,0,0,0,0,0,0,0,
1099,1100,1955,f,10203,4483,1,1,0,0,0,0,0,0,0,0,0,0,0,0,
1100,1101,1956,d,3216,4182,1,0,0,1,0,0,0,0,0,0,0,0,0,0,
1101,1102,1957,e,3996,4443,1,0,0,1,0,0,0,0,0,0,0,0,0,0,
1102,1103,1958,g,3415,4834,1,0,0,1,0,0,0,0,0,1,0,0,0,0,O
1103,1104,1959,d,2157,3664,1,0,0,1,0,0,0,0,0,0,0,0,0,0,
1104,1105,1960,h,5472,4923,0,0,0,1,0,0,0,0,0,0,0,0,0,0,
1105,1106,1961,i,10439,4723,1,1,0,0,0,0,0,0,0,1,0,0,0,0,O
1106,1107,1962,e,4350,3840,1,0,0,0,0,0,0,0,0,0,0,0,0,0,
1107,1108,1964,d,2844,4151,1,0,0,1,0,0,0,0,0,1,0,0,0,0,O
1108,1109,1965,g,2785,4949,1,1,0,0,0,0,0,0,0,0,0,0,0,0,
1109,1110,1966,g,3084,5036,0,0,0,1,0,0,0,0,0,1,0,0,0,0,O
1110,1111,1967,a,1080,2828,1,0,1,1,0,0,0,0,0,0,1,0,0,0,P
1111,1112,1968,g,1485,5261,1,0,1,0,0,0,0,0,0,0,0,0,0,0,
1112,1113,1969,g,581,5423,0,0,1,1,0,0,0,1,0,0,0,0,1,0,LR
1113,1114,1971,g,720,7746,0,0,1,1,0,0,0,0,0,0,0,0,0,0,
1114,1115,1973,d,988,3888,1,1,0,1,0,0,0,0,0,0,0,0,0,0,
1115,1116,1974,d,3476,4332,1,1,0,1,0,0,0,0,0,0,0,0,0,0,
1116,1117,1975,h,4778,5778,1,1,0,1,0,0,0,0,0,1,0,0,0,0,O
1117,1118,1976,d,1863,4206,1,1,0,1,0,0,0,0,0,0,0,0,0,0,
1118,1119,1977,a,2149,3208,1,1,1,1,0,0,0,0,0,0,0,0,0,0,
1119,1120,1979,d,1036,4256,1,0,0,1,0,0,0,0,0,0,0,0,0,0,
1120,1121,1981,a,2141,3465,0,0,0,0,0,0,0,0,1,0,0,0,0,0,N
1121,1122,1983,e,4076,4312,1,1,0,0,0,0,0,0,0,0,0,0,0,0,
1122,1123,1984,d,2720,4403,1,0,0,1,0,0,0,0,0,0,0,0,0,0,
1123,1124,1985,f,9807,4309,1,0,0,1,0,0,0,0,0,0,0,0,0,0,
1124,1125,1986,d,996,3945,1,0,0,1,0,0,0,0,0,0,1,0,0,0,P
1125,1126,1987,g,64,5810,0,0,0,1,0,0,0,0,0,1,0,0,0,0,O
1126,1127,1988,g,89,7015,1,0,1,1,0,0,0,0,0,1,0,0,0,0,O
1127,1128,1991,d,76,4287,0,1,1,1,0,0,0,0,0,0,0,0,0,0,
1128,1129,1993,a,39,1614,1,0,0,1,0,0,0,0,1,0,0,0,0,1,NS
1129,1130,1994,g,414,5268,0,1,0,1,0,0,0,0,0,0,0,0,0,0,
1130,1131,2002,i,23543,7497,1,1,1,1,0,0,0,0,0,1,0,0,0,0,O
1131,1132,2003,i,12725,6663,1,0,1,1,0,0,0,0,0,1,0,0,0,0,O
1132,1133,2007,f,13153,4134,0,0,1,0,0,0,0,0,0,0,0,0,0,0,
1133,1134,2008,e,4755,4119,1,0,1,1,0,0,0,0,1,0,0,0,0,0,N
1134,1135,2009,e,7091,3866,1,1,1,1,0,0,0,0,0,0,0,0,0,0,
1135,1136,2012,e,6877,4431,1,0,0,1,0,0,0,0,0,0,0,0,0,0,
1136,1137,2013,c,20055,3493,1,1,0,1,0,0,0,0,0,0,0,0,0,0,
1137,1138,2015,f,12452,3887,1,1,0,1,0,0,0,0,0,0,0,0,0,0,
1138,1139,2016,f,9076,4244,1,1,0,1,0,0,0,0,0,1,0,0,0,0,O
1139,1140,2020,e,5518,4046,1,1,0,1,0,0,0,0,0,0,1,0,0,0,P
1140,1141,2024,i,9032,5897,1,1,0,0,0,0,0,0,0,1,0,0,0,0,O
1141,1142,2025,i,17133,8317,1,1,0,1,0,0,0,0,0,0,0,0,0,0,
1142,1143,2026,h,4833,6642,1,1,0,1,0,0,0,0,0,0,0,0,0,0,
1143,1144,2027,h,6421,6749,1,0,0,1,0,0,0,0,0,0,0,0,0,0,
1144,1145,2028,e,6370,4154,1,1,1,0,0,0,0,0,0,1,0,0,0,0,O
1145,1146,2032,f,8412,3811,1,1,1,0,0,0,0,0,0,0,0,0,0,0,
1146,1147,2033,e,4394,3783,1,0,1,1,0,0,0,0,0,0,0,0,0,0,
1147,1148,2036,g,2607,5347,1,0,1,1,0,0,0,0,0,0,0,0,0,0,
1148,1149,2037,h,4452,8900,0,1,1,0,0,0,0,0,0,0,0,0,0,0,
1149,1150,2038,g,1644,5182,0,1,1,0,0,0,0,0,0,0,0,1,0,0,Q
1150,1151,2040,g,1992,6564,0,0,1,0,0,0,0,0,0,0,0,0,0,0,
1151,1152,2041,d,2898,3607,1,1,1,1,0,0,0,0,0,0,0,0,0,0,
1152,1153,2048,b,5955,2719,1,0,1,1,0,0,0,0,0,0,1,0,0,0,P
1153,1154,2050,f,23349,4111,1,1,1,1,0,0,0,0,0,0,0,0,0,0,
1154,1155,2054,h,7090,5471,1,0,1,1,0,0,0,0,0,0,0,0,0,0,
1155,1156,2056,f,10886,4490,1,0,1,1,0,0,0,0,0,0,0,0,0,0,
1156,1157,2057,e,3941,4005,1,0,1,1,0,0,0,0,0,0,1,0,0,0,P
1157,1158,2058,i,9262,5160,1,1,1,1,0,0,0,0,0,0,0,0,0,0,
1158,1159,2059,h,5139,4875,1,1,1,1,0,0,0,0,0,0,0,0,0,0,
1159,1160,2060,d,1546,3894,1,1,1,0,0,0,0,0,0,1,0,0,0,0,O
1160,1161,2061,g,333,6488,0,0,1,0,0,0,0,0,0,0,0,0,0,0,
1161,1162,2062,d,1488,4094,1,1,1,1,0,0,0,0,0,0,0,0,0,0,
1162,1163,2063,e,5625,3572,1,1,1,1,0,0,0,0,0,0,0,0,0,0,
1163,1164,2064,g,1093,6203,0,0,1,1,0,0,0,0,0,0,0,0,0,0,
1164,1165,2065,e,4209,3698,1,1,1,1,0,0,0,0,0,0,0,0,0,0,
1165,1166,2066,d,541,4019,1,0,0,1,0,0,0,0,0,0,0,0,0,0,
1166,1167,2067,a,330,3077,1,1,1,1,0,0,0,0,0,0,0,0,0,0,
1167,1168,2068,g,219,5119,1,0,1,1,0,0,0,0,0,0,0,0,0,1,S
1168,1169,2069,g,281,5480,0,1,0,1,0,0,0,0,0,1,0,0,0,0,O
1169,1170,2070,g,276,8397,0,1,1,1,0,0,0,0,0,0,0,0,0,0,
1170,1171,2102,i,43120,5324,1,1,0,1,0,0,0,0,0,0,0,0,0,0,
1171,1172,2103,f,11281,4321,0,0,1,0,0,0,0,0,1,0,0,0,0,0,N
1172,1173,2104,h,5302,4984,1,1,0,1,0,0,0,0,0,0,0,0,0,0,
1173,1174,2105,e,4224,3853,1,0,1,1,0,0,0,0,0,0,1,0,0,0,P
1174,1175,2106,e,7363,4422,1,0,1,1,0,0,0,0,0,0,0,0,0,0,
1175,1176,2107,i,22109,6390,1,0,0,0,0,0,0,0,0,0,0,0,0,0,
1176,1177,2108,i,10462,4565,1,1,0,1,0,0,0,0,0,0,0,0,0,0,
1177,1178,2109,f,9232,4065,1,0,1,0,0,0,0,0,0,1,0,0,0,0,O
1178,1179,2110,e,4722,3912,1,1,0,0,0,0,0,0,0,0,0,0,0,0,
1179,1180,2111,b,6376,3402,1,1,0,1,0,0,0,0,0,0,1,0,0,0,P
1180,1181,2112,e,6345,4121,1,1,0,0,0,0,0,0,0,0,1,0,0,0,P
1181,1182,2113,i,9704,6142,1,1,0,1,0,0,0,0,0,0,0,0,0,0,
1182,1183,2115,e,6346,3792,0,0,1,0,0,0,0,0,0,0,1,0,0,0,P
1183,1184,2116,e,7256,4460,1,1,0,0,0,0,0,0,0,0,1,0,0,0,P
1184,1185,2119,e,6761,4232,1,1,1,1,0,0,0,0,0,0,1,0,0,0,P
1185,1186,2122,f,9976,3795,1,1,1,1,0,0,0,0,0,0,0,0,0,0,
1186,1187,2127,d,2483,4312,0,0,0,1,0,0,0,0,0,0,0,0,0,0,
1187,1188,2128,e,3950,3700,1,1,0,1,0,0,0,0,0,0,1,0,0,0,P
1188,1189,2129,b,6169,3169,0,0,0,0,1,0,0,0,1,0,1,0,0,0,NP
1189,1190,2130,e,4422,3797,0,0,0,0,1,0,0,0,0,0,0,0,0,0,
1190,1191,2135,f,10520,3922,1,1,0,0,0,0,0,0,0,0,0,1,0,0,Q
1191,1192,2136,c,9905,3419,1,1,0,0,0,0,0,0,0,0,0,1,0,0,Q
1192,1193,2137,e,4305,3589,1,0,1,0,0,0,0,0,0,0,0,0,0,0,
1193,1194,2139,i,16939,5862,1,0,1,1,0,0,0,0,0,1,0,0,0,0,O
1194,1195,2140,i,10772,5101,1,0,0,1,0,0,0,0,0,0,0,0,0,0,
1195,1196,2141,i,18029,6398,0,0,0,1,0,0,0,0,0,0,0,0,0,0,
1196,1197,2143,h,4770,5376,0,0,1,1,0,0,0,0,0,0,0,0,0,0,
1197,1198,2144,g,3314,4509,1,0,1,1,0,0,0,0,0,0,0,0,0,0,
1198,1199,2145,h,5928,5075,1,0,1,1,0,0,0,0,0,1,0,0,0,0,O
1199,1200,2148,e,5828,3647,1,1,1,1,0,0,0,0,0,0,0,0,0,0,
1200,1201,2153,h,4090,4645,0,0,1,1,0,0,0,0,0,0,0,0,0,0,
1201,1202,2156,b,4344,3463,0,0,1,1,0,0,0,0,0,0,0,0,0,0,
1202,1203,2157,b,7764,3379,1,0,0,0,0,0,0,0,0,0,1,0,0,0,P
1203,1204,2159,a,2103,3399,1,0,0,1,0,0,0,0,0,0,0,0,0,0,
1204,1205,2160,d,2078,3707,1,1,0,1,0,0,0,0,0,0,0,0,0,0,
1205,1206,2164,e,3519,4190,1,1,1,0,0,0,0,0,0,0,0,0,0,0,
1206,1207,2165,g,1619,4558,1,1,1,1,0,0,0,0,0,0,0,0,0,0,
1207,1208,2167,g,2298,4882,1,1,1,1,0,0,0,0,0,0,0,0,0,0,
1208,1209,2169,e,3591,3680,1,1,0,1,0,0,0,0,0,0,0,0,0,0,
1209,1210,2170,g,2141,4810,1,0,1,1,0,0,0,0,0,0,1,0,0,0,P
1210,1211,2171,h,5097,4772,1,1,0,1,0,0,0,0,0,0,1,0,0,0,P
1211,1212,2172,g,3141,5080,0,0,1,1,0,0,0,0,1,0,0,0,0,0,N
1212,1213,2173,i,11891,4563,1,0,1,1,0,0,0,0,0,0,0,0,0,0,
1213,1214,2174,d,2731,4482,1,0,1,1,0,0,0,0,0,0,0,0,0,0,
1214,1215,2175,g,2919,4638,1,1,0,1,0,0,0,0,0,0,0,0,0,0,
1215,1216,2176,h,7288,5511,1,1,1,1,0,0,0,0,0,0,0,0,0,0,
1216,1217,2177,d,1912,3560,1,1,1,1,0,0,0,0,0,0,0,0,0,0,
1217,1218,2178,d,556,4058,0,0,1,0,0,0,0,0,0,0,0,0,0,0,
1218,1219,2179,a,147,3170,1,1,0,1,0,0,0,0,0,0,0,0,0,0,
1219,1220,2180,g,210,4942,1,0,1,1,0,0,0,0,0,0,0,0,0,0,
1220,1221,2184,a,20,2701,1,0,1,1,0,0,0,0,0,1,0,0,0,0,O
1221,1222,2201,d,1363,4447,0,0,0,1,0,0,0,0,0,0,1,0,0,1,PS
1222,1223,2202,c,11126,2602,0,1,0,1,0,0,0,1,1,1,0,0,0,0,LNO
1223,1224,2203,d,1589,3806,0,1,0,0,0,0,0,0,1,1,0,0,0,0,NO
1224,1225,2205,b,6666,2914,1,0,1,1,0,0,0,1,0,0,0,0,0,0,L
1225,1226,2206,c,8944,3160,1,0,1,1,0,0,0,1,0,0,0,0,0,0,L
1226,1227,2207,a,1176,3332,0,0,1,1,1,0,0,0,0,0,0,0,0,0,
1227,1228,2210,g,2891,5254,1,1,0,1,0,0,0,0,0,0,1,0,0,0,P
1228,1229,2211,e,5495,3856,1,1,0,1,0,0,0,0,0,0,1,0,0,0,P
1229,1230,2212,e,3855,4320,1,0,0,1,0,0,0,0,1,1,0,0,0,0,NO
1230,1231,2213,i,8594,6263,1,1,0,1,0,0,0,0,0,0,0,0,0,0,
1231,1232,2214,i,9016,6303,0,1,0,1,0,0,0,0,0,0,0,0,0,0,
1232,1233,2215,h,5333,5969,0,1,0,1,0,0,0,0,0,0,0,0,0,0,
1233,1234,2217,h,7503,6893,0,0,0,1,0,0,0,0,1,0,0,0,0,0,N
1234,1235,2219,i,38854,7026,1,1,0,0,0,1,0,0,0,0,0,0,0,0,D
1235,1236,2220,i,13278,5829,0,1,0,0,0,0,0,0,0,1,0,0,0,0,O
1236,1237,2221,h,6359,5408,1,1,0,1,0,0,0,0,0,0,0,0,0,0,
1237,1238,2222,f,10423,4190,1,1,0,1,0,0,0,0,0,0,0,0,0,0,
1238,1239,2223,d,2641,4133,0,0,0,0,0,0,0,0,0,0,0,0,0,0,
1239,1240,2225,d,2031,3503,0,0,0,1,0,0,0,0,0,0,0,0,0,1,S
1240,1241,2226,d,2201,3833,0,0,1,0,0,0,0,0,0,0,0,0,0,0,
1241,1242,2227,h,7185,4852,1,1,0,0,0,0,0,0,0,0,1,0,0,0,P
1242,1243,2228,f,9759,3544,0,0,0,1,0,0,0,0,0,0,0,0,0,0,
1243,1244,2229,d,2394,4433,1,1,1,1,0,0,0,0,0,0,0,0,0,0,
1244,1245,2230,f,12936,4193,1,1,1,1,0,0,0,0,0,0,0,0,0,0,
1245,1246,2231,i,15738,4817,1,1,0,1,1,0,0,0,0,0,0,0,0,0,
1246,1247,2233,e,3778,4166,1,0,0,1,0,0,0,0,0,0,0,0,0,0,
1247,1248,2235,e,4266,3952,1,0,0,1,0,0,0,0,0,0,0,0,0,0,
1248,1249,2237,h,7878,4710,1,1,0,0,0,0,0,0,0,0,0,0,0,0,
1249,1250,2239,h,6249,4678,1,1,0,1,0,0,0,0,0,0,1,0,0,0,P
1250,1251,2241,h,5434,4569,1,0,1,0,0,0,0,0,0,0,0,0,0,0,
1251,1252,2242,f,12488,4004,1,1,0,1,0,0,0,0,0,0,0,0,0,0,
1252,1253,2243,e,7511,4242,1,1,0,1,0,0,0,0,0,1,0,0,0,0,O
1253,1254,2244,f,10888,4358,1,0,1,0,0,0,0,0,0,0,0,0,0,0,
1254,1255,2245,h,3700,4729,1,0,1,1,0,0,0,1,0,0,0,0,0,0,L
1255,1256,2246,h,4062,4817,1,0,1,0,0,0,0,0,0,1,0,0,0,0,O
1256,1257,2247,i,8298,5236,0,0,1,1,0,0,0,0,0,0,0,0,0,0,
1257,1258,2248,e,4691,4105,0,0,1,0,0,0,0,1,0,0,0,0,0,1,LS
1258,1259,2249,g,2359,5047,0,0,0,1,0,0,0,0,0,0,0,0,0,0,
1259,1260,2250,h,4091,6223,0,0,0,1,0,0,0,0,0,0,0,0,0,0,
1260,1261,2251,e,4245,4063,0,0,1,0,0,0,0,1,1,1,0,0,0,0,LNO
1261,1262,2252,c,9882,3295,0,0,1,0,0,0,0,0,0,0,0,0,0,0,
1262,1263,2255,f,16281,4169,1,1,1,1,1,0,0,0,0,0,0,0,0,0,
1263,1264,2256,g,3275,5239,0,1,1,0,0,0,0,0,0,0,0,0,0,0,
1264,1265,2257,d,1010,3830,0,0,0,0,0,0,0,0,0,0,0,0,0,0,
1265,1266,2258,g,2748,5252,0,0,0,0,0,0,0,0,0,0,0,0,0,0,
1266,1267,2259,h,8112,5063,0,1,0,1,0,0,0,0,0,0,0,0,0,0,
1267,1268,2262,i,17194,7561,0,0,0,1,0,0,0,0,1,0,0,0,0,0,N
1268,1269,2263,b,7327,3452,1,0,1,1,0,0,0,0,0,0,0,0,0,0,
1269,1270,2264,f,9152,4265,1,1,1,1,0,0,0,0,0,0,0,0,0,0,
1270,1271,2265,i,10223,4831,1,0,0,1,0,0,0,0,0,0,0,0,0,0,
1271,1272,2266,g,3496,5027,1,1,0,1,0,0,0,0,0,0,0,0,0,0,
1272,1273,2268,h,3911,5057,1,1,0,1,0,0,0,0,0,0,0,0,0,0,
1273,1274,2269,g,2036,6544,0,0,0,0,0,0,0,0,0,0,0,0,0,0,
1274,1275,2270,g,932,5238,0,1,1,0,0,0,0,1,1,1,0,0,0,0,LNO
1275,1276,2271,g,1499,5610,1,1,0,0,0,0,0,0,0,0,1,0,0,0,P
1276,1277,2272,g,1609,4596,1,0,0,1,0,0,0,0,0,0,1,0,0,0,P
1277,1278,2273,e,4206,4442,1,0,1,0,0,0,0,0,0,0,1,0,0,0,P
1278,1279,2274,e,5546,4074,1,1,1,1,1,0,0,0,0,1,0,0,0,0,O
1279,1280,2275,d,318,4309,0,0,0,0,0,0,0,1,0,0,0,0,1,0,LR
1280,1281,2276,h,3880,5029,1,0,1,0,0,0,0,0,0,1,1,0,0,0,OP
1281,1282,2277,h,3848,6430,0,0,0,1,0,0,0,0,0,0,1,0,0,0,P
1282,1283,2279,h,4281,4554,1,1,0,1,0,0,0,0,0,0,1,0,0,0,P
1283,1284,2280,d,98,3894,1,0,0,1,0,0,0,0,0,0,1,0,0,0,P
1284,1285,2281,d,1968,4366,1,0,0,1,0,0,0,0,0,1,0,0,0,0,O
1285,1286,2282,d,1190,4171,0,0,1,1,0,0,0,0,0,1,0,0,0,0,O
1286,1287,2283,d,1391,3708,1,0,0,1,0,0,0,0,0,0,0,0,0,0,
1287,1288,2284,a,1438,2918,0,0,0,1,0,0,0,1,0,0,0,0,0,1,LS
1288,1289,2285,g,2208,5028,0,0,0,1,0,0,0,0,0,0,0,0,0,1,S
1289,1290,2286,g,192,4999,0,0,0,0,0,0,0,1,0,0,0,0,0,0,L
1290,1291,2287,g,185,5276,0,0,1,0,1,0,0,0,0,0,0,0,0,1,S
1291,1292,2288,a,236,3040,0,0,1,1,1,0,0,0,0,0,0,0,0,0,
1292,1293,2289,a,965,3481,0,1,0,0,0,0,0,0,0,0,0,0,0,1,S
1293,1294,2290,d,2857,4143,1,0,0,1,0,0,0,0,0,0,0,0,0,0,
1294,1295,2292,g,2464,4996,1,0,0,1,0,0,0,0,0,1,0,0,0,0,O
1295,1296,2293,d,2583,4474,1,1,1,1,0,0,0,0,0,0,0,0,0,0,
1296,1297,2294,g,2769,5142,1,0,0,0,0,0,0,0,0,0,1,0,0,0,P
1297,1298,2297,d,1922,4368,1,1,0,0,0,0,0,0,0,0,0,0,0,0,
1298,1299,2298,g,2742,5206,1,1,0,0,0,0,0,0,0,0,0,0,0,0,
1299,1300,2299,a,277,3180,1,0,0,0,0,0,0,0,0,0,0,0,0,0,
1300,1301,2301,i,17436,7740,0,0,0,1,0,0,0,0,0,0,0,0,0,0,
1301,1302,2302,i,12887,5504,1,1,0,1,0,0,0,0,0,0,1,0,0,0,P
1302,1303,2303,h,6956,5345,0,1,0,0,0,0,0,0,0,0,0,0,0,0,
1303,1304,2304,h,3871,5010,0,0,0,1,0,0,0,0,0,0,0,0,0,0,
1304,1305,2305,h,3876,4557,0,0,1,1,0,0,0,0,0,1,1,0,0,0,OP
1305,1306,2306,i,12593,5220,0,1,1,1,0,0,0,0,0,0,0,0,0,0,
1306,1307,2307,i,8482,7210,0,1,1,0,0,0,0,0,0,1,0,0,0,0,O
1307,1308,2308,h,8075,5992,0,0,1,1,0,0,0,0,0,0,0,0,0,0,
1308,1309,2309,h,5258,5385,0,1,1,1,0,0,0,0,0,0,0,0,0,0,
1309,1310,2310,h,4369,5898,0,0,1,1,0,0,0,0,0,0,0,0,0,0,
1310,1311,2311,g,2889,4664,0,1,1,1,0,0,0,0,0,0,0,0,0,0,
1311,1312,2312,h,3669,5171,0,1,1,1,0,0,0,0,0,0,0,0,0,0,
1312,1313,2313,h,7417,5934,0,0,1,0,0,0,0,0,0,0,0,0,0,0,
1313,1314,2314,h,5200,7597,0,0,1,1,0,0,0,0,0,0,0,0,0,0,
1314,1315,2315,i,9590,4885,0,1,1,0,0,0,0,0,0,1,0,0,0,0,O
1315,1316,2317,h,6055,6911,0,0,1,0,0,0,0,0,1,0,0,0,0,0,N
1316,1317,2318,h,5797,5497,0,1,1,0,0,0,0,0,0,1,0,0,0,0,O
1317,1318,2319,e,5541,4354,0,0,1,0,0,0,0,0,0,0,0,1,0,0,Q
1318,1319,2320,h,7135,5307,0,1,0,1,0,0,0,0,0,0,0,0,0,0,
1319,1320,2321,h,6851,5384,0,1,0,0,0,0,0,0,1,0,0,0,0,0,N
1320,1321,2322,h,5392,4795,1,1,1,1,0,0,0,0,0,0,0,0,0,0,
1321,1322,2323,g,2812,4948,0,0,0,1,0,0,0,0,0,0,0,0,0,0,
1322,1323,2324,h,6821,5180,0,0,0,0,0,0,0,0,0,0,0,0,0,0,
1323,1324,2325,e,7819,4255,0,0,0,1,0,0,0,0,0,0,0,0,0,0,
1324,1325,2326,e,3651,3980,0,0,0,0,0,0,0,0,0,0,0,0,0,0,
1325,1326,2327,f,11406,4299,1,0,0,1,0,0,0,0,0,0,0,0,0,0,
1326,1327,2328,h,5057,4640,0,0,0,0,0,0,0,0,0,0,1,0,0,0,P
1327,1328,2329,e,3990,4254,0,0,0,1,0,0,0,0,0,0,1,0,0,0,P
1328,1329,2330,e,4949,4028,0,0,1,0,0,0,0,0,0,1,0,0,0,0,O
1329,1330,2331,e,4865,3785,0,0,1,0,0,0,0,0,0,0,0,0,0,0,
1330,1331,2332,h,7892,4552,0,1,0,1,0,0,0,0,0,0,0,1,0,0,Q
1331,1332,2333,b,5884,3487,1,1,0,1,0,0,0,0,0,0,0,0,0,0,
1332,1333,2334,d,2630,3627,0,0,1,1,0,0,0,0,0,0,1,0,0,0,P
1333,1334,2335,i,8449,4539,0,1,1,1,0,0,0,0,0,0,0,0,0,0,
1334,1335,2336,d,3305,4226,0,0,1,1,0,0,0,0,0,0,1,0,0,0,P
1335,1336,2337,h,6505,6150,0,1,0,1,0,0,0,0,1,0,0,0,0,0,N
1336,1337,2339,h,4539,5240,0,0,0,1,0,0,0,0,0,1,0,0,0,0,O
1337,1338,2340,i,10965,5437,0,0,0,0,0,0,0,0,0,0,1,0,0,0,P
1338,1339,2341,g,3477,6158,0,1,1,1,0,0,0,0,0,0,0,0,0,0,
1339,1340,2342,h,7981,6163,0,1,0,1,0,0,0,0,0,0,0,0,0,0,
1340,1341,2343,g,871,6214,0,0,0,1,0,0,0,0,0,0,0,0,0,0,
1341,1342,2344,g,2860,5870,1,0,0,0,0,0,0,0,0,0,0,0,0,0,
1342,1343,2347,g,3053,4824,0,0,1,1,0,0,0,0,0,0,0,0,0,0,
1343,1344,2348,i,8929,4507,1,0,1,1,0,0,0,0,0,0,0,1,0,0,Q
1344,1345,2349,e,5038,4303,0,1,0,0,0,0,0,0,0,0,0,0,0,0,
1345,1346,2350,a,2702,3376,0,0,1,1,0,0,0,0,0,0,0,0,0,0,
1346,1347,2351,g,1719,5282,0,0,1,1,0,0,0,0,0,0,0,0,0,0,
1347,1348,2352,d,2722,4065,0,0,1,1,0,0,0,0,0,0,0,0,0,0,
1348,1349,2353,e,5207,3977,0,1,1,0,0,0,0,0,0,0,0,0,0,0,
1349,1350,2354,g,2220,5527,0,1,1,1,0,0,0,0,0,0,0,0,0,0,
1350,1351,2355,i,10598,4538,1,1,1,1,0,0,0,0,0,0,0,0,0,0,
1351,1352,2356,h,3842,5633,0,0,1,1,0,0,0,0,0,0,0,0,0,0,
1352,1353,2357,d,2864,4255,0,0,0,1,0,0,0,0,0,0,1,0,0,0,P
1353,1354,2358,h,4138,4622,1,0,0,1,0,0,0,0,0,1,0,0,0,0,O
1354,1355,2359,g,3267,4708,1,0,0,1,0,0,0,0,0,1,0,0,0,0,O
1355,1356,2360,e,4733,3753,0,0,1,1,0,0,0,0,0,0,1,0,0,0,P
1356,1357,2361,h,3817,6088,0,1,1,1,0,0,0,0,0,0,0,0,0,0,
1357,1358,2362,h,5219,6251,0,1,0,0,0,0,0,0,0,0,1,0,0,0,P
1358,1359,2363,g,1903,5303,0,0,1,0,0,0,0,0,0,0,0,0,0,0,
1359,1360,2364,g,2474,4735,0,0,1,1,0,0,0,0,0,0,0,0,0,0,
1360,1361,2365,h,3993,5835,0,0,1,0,0,0,0,0,0,0,0,0,0,0,
1361,1362,2368,d,1835,4147,0,0,1,0,0,0,0,0,0,0,0,0,0,0,
1362,1363,2369,h,4736,5624,0,1,1,0,0,0,0,0,0,0,0,1,0,0,Q
1363,1364,2370,e,4488,3837,0,1,0,1,0,0,0,0,0,0,1,0,0,0,P
1364,1365,2371,d,1689,4493,0,1,0,0,0,0,0,0,0,0,0,0,0,0,
1365,1366,2372,h,4454,5214,0,1,0,1,0,0,0,0,0,0,0,0,0,0,
1366,1367,2373,h,4238,6117,0,1,0,1,0,0,0,0,0,0,0,0,0,0,
1367,1368,2375,g,1838,5610,1,1,1,1,0,0,0,0,0,1,0,0,0,0,O
1368,1369,2376,g,1160,5689,1,1,1,0,0,0,0,0,0,1,0,0,0,0,O
1369,1370,2377,h,6333,5402,1,1,1,1,0,0,0,0,0,1,0,0,0,0,O
1370,1371,2380,g,3214,5004,0,1,1,1,0,0,0,0,0,0,1,0,0,0,P
1371,1372,2381,g,1522,5153,0,1,0,0,0,0,0,0,0,0,1,0,0,0,P
1372,1373,2382,d,900,3773,1,1,0,1,0,0,0,0,0,0,0,0,0,0,
1373,1374,2383,g,643,5817,0,0,0,0,0,0,0,0,0,0,0,0,0,1,S
1374,1375,2384,e,4454,3762,0,0,1,1,0,0,0,0,1,0,0,0,0,0,N
1375,1376,2385,d,3271,4053,0,1,0,0,0,0,0,0,0,0,0,0,0,0,
1376,1377,2386,g,900,5179,0,1,0,1,0,0,0,0,0,0,0,0,0,0,
1377,1378,2387,d,2978,4354,0,0,0,1,0,0,0,0,1,0,0,0,0,0,N
1378,1379,2388,g,1005,4719,0,1,1,1,0,0,0,0,0,0,0,0,0,0,
1379,1380,2389,d,60,3586,1,1,0,1,0,0,0,0,0,0,0,0,0,0,
1380,1381,2390,g,6,8836,0,0,0,0,0,0,0,0,0,0,0,0,0,0,
1381,1382,2391,g,37,6569,0,0,0,0,0,0,0,0,0,0,0,0,0,0,
1382,1383,2392,a,78,2873,0,0,1,1,0,0,0,0,0,0,0,0,0,1,S
1383,1384,2393,a,32,2944,0,0,1,0,0,0,0,0,0,0,0,0,0,0,
1384,1385,2394,a,10,3112,1,0,0,1,0,0,0,0,0,0,0,0,0,0,
1385,1386,2395,g,49,6075,0,0,0,1,0,0,0,0,0,1,0,0,0,0,O
1386,1387,2398,a,209,3118,0,0,0,0,0,0,0,0,0,0,1,0,0,0,P
1387,1388,2401,g,226,5174,1,1,1,1,0,0,0,0,0,1,0,0,0,0,O
1388,1389,2403,g,94,5553,0,1,0,1,0,0,0,0,0,0,0,0,0,1,S
1389,1390,2404,d,192,4277,0,1,0,1,0,0,0,0,1,0,0,0,0,0,N
1390,1391,2405,a,590,3347,0,1,1,0,0,0,0,0,0,0,0,0,0,0,
1391,1392,2406,d,97,3660,0,1,0,0,0,0,0,0,0,0,0,0,0,0,
1392,1393,2407,g,1156,5860,1,1,0,0,1,0,0,0,0,0,1,1,0,0,PQ
1393,1394,2408,g,268,5109,0,0,1,0,0,0,0,1,0,0,0,0,0,0,L
1394,1395,2501,d,553,4314,0,0,1,1,0,0,0,1,1,1,0,0,0,0,LNO
1395,1396,2502,d,135,4049,1,1,0,1,0,0,0,0,0,0,0,0,0,0,
1396,1397,2503,g,125,7386,1,1,0,0,0,0,0,0,0,0,0,0,0,0,
1397,1398,2504,d,62,3668,0,1,0,0,0,0,0,0,0,0,1,0,0,0,P
1398,1399,2505,d,324,3720,1,0,0,1,0,0,0,0,0,0,1,0,0,0,P
1399,1400,2506,d,201,4026,1,0,0,1,0,0,0,0,0,0,0,0,0,0,
1400,1401,2508,d,444,4039,1,0,1,0,0,0,0,0,0,0,0,0,0,0,
1401,1402,2509,d,387,4082,0,0,0,1,0,0,0,0,0,1,0,0,0,0,O
1402,1403,2601,a,1768,3301,0,0,1,0,0,0,0,0,0,0,0,0,0,0,
1403,1404,2603,a,512,2880,1,0,1,1,0,0,0,0,0,0,0,0,0,0,
1404,1405,2604,d,624,3874,0,0,0,1,0,0,0,0,0,0,0,0,0,0,
1405,1406,2605,g,390,4586,0,1,0,0,0,0,0,0,0,0,0,0,0,0,
1406,1407,2606,d,295,3776,0,0,0,1,0,0,0,0,0,0,0,0,0,0,
1407,1408,2607,g,51,5428,0,1,0,0,0,0,0,0,0,0,0,0,0,0,
1408,1409,2608,a,142,3058,0,1,0,0,0,0,0,0,0,0,0,0,0,0,
1409,1410,2617,g,14,6647,0,1,1,1,0,0,0,0,0,0,0,0,0,0,
1410,1411,3100,d,2233,3899,1,1,0,1,0,0,0,0,0,0,0,0,0,0,
1411,1412,3101,h,4303,5085,1,0,1,1,0,0,0,0,0,0,0,0,0,0,
1412,1413,3102,e,7409,3819,1,0,1,1,0,0,0,0,0,0,0,0,0,0,
1413,1414,3103,g,454,4970,1,1,1,1,0,0,0,0,0,0,0,0,0,0,
1414,1415,3104,g,314,4545,1,1,1,1,0,0,0,0,0,0,0,0,0,0,
1415,1416,3105,d,120,4032,0,0,0,0,0,0,0,0,0,0,0,0,0,0,
1416,1417,3107,d,273,4403,1,0,1,1,0,0,0,0,0,0,0,0,0,0,
1417,1418,3500,e,6141,4275,1,1,1,1,0,0,0,0,0,0,0,0,0,0,
1418,1419,3501,c,10980,3242,0,1,0,1,0,0,0,0,0,0,0,0,0,0,
1419,1420,3502,d,3245,4381,1,1,0,1,0,0,0,0,0,0,0,0,0,0,
1420,1421,3503,g,2314,5064,0,0,1,0,0,0,0,0,0,0,0,0,0,0,
1421,1422,3504,e,8017,3528,0,0,0,1,0,0,0,0,0,0,0,0,0,0,
1422,1423,3505,h,5773,4875,1,0,0,1,0,0,0,0,0,0,0,0,0,0,
1423,1424,3506,b,5178,3468,1,0,0,1,0,0,0,0,0,0,0,0,0,0,
1424,1425,3507,e,5580,3513,0,1,1,1,0,0,0,0,0,0,0,0,0,0,
1425,1426,3508,f,12518,4115,1,0,0,0,0,0,0,0,0,0,1,0,0,0,P
1426,1427,3509,c,15567,2841,1,0,1,1,0,0,0,0,0,0,0,0,0,0,
1427,1428,3510,d,1807,4266,1,1,1,1,0,0,0,0,0,1,0,0,0,0,O
1428,1429,3511,i,9628,7572,1,1,0,1,0,0,0,0,0,0,0,0,0,0,
1429,1430,3513,c,9127,3015,1,1,0,1,0,0,0,0,0,0,0,0,0,0,
1430,1431,3514,e,7545,3509,1,0,0,1,0,0,0,0,0,0,0,0,0,0,
1431,1432,3515,h,7741,5392,1,1,1,0,0,0,0,0,0,0,0,0,0,1,S
1432,1433,3516,b,3523,3317,0,0,0,0,0,0,0,0,0,0,0,0,0,0,
1433,1434,3517,e,4139,4330,1,0,0,1,0,0,0,0,0,0,0,0,0,0,
1434,1435,3519,h,6911,5354,0,1,0,1,0,0,0,0,0,0,0,0,0,0,
1435,1436,3520,b,7852,3344,0,0,1,1,0,0,0,0,0,0,0,0,0,0,
1436,1437,3521,d,1223,4491,0,0,1,1,0,0,0,0,0,0,0,0,0,0,
1437,1438,3523,b,5025,2320,0,0,1,1,0,0,0,0,0,0,0,0,0,0,
1438,1439,3524,a,2566,3222,0,1,1,1,0,0,0,0,0,1,0,0,0,0,O
1439,1440,3525,g,79,4793,1,0,1,1,0,0,0,0,0,0,0,0,0,0,
1440,1441,3527,d,49,3526,0,0,1,1,0,0,0,0,0,1,0,0,0,0,O
1441,1442,3528,d,164,4112,0,0,1,0,0,0,0,0,0,0,0,0,0,0,
1442,1443,3529,a,217,2930,0,1,1,1,0,0,0,0,0,0,0,0,0,1,S
1443,1444,3530,g,113,5635,0,0,1,1,0,0,0,0,0,1,0,0,0,0,O
1444,1445,3531,a,82,3242,1,1,1,1,0,0,0,0,0,0,0,0,0,0,
1445,1446,3532,d,48,3554,0,0,1,1,0,0,0,0,0,1,0,0,0,0,O
1446,1447,3533,d,992,3521,1,1,0,0,0,0,0,0,0,0,0,1,0,0,Q
1447,1448,3534,d,657,3562,0,1,0,0,0,0,0,0,0,0,0,1,0,0,Q
1448,1449,3535,a,235,3330,1,0,0,1,0,0,0,0,0,1,0,0,0,0,O
1449,1450,3536,a,252,2894,0,0,0,1,0,0,0,0,0,0,0,0,0,0,
1450,1451,3537,a,154,2583,0,0,1,1,0,0,0,0,0,0,0,0,0,0,
1451,1452,3538,d,75,3934,0,0,1,0,0,0,0,0,0,0,0,0,0,0,
