"l_office_no","l_office_name","gu_name","r_holder_no","x_value","y_value"
2315,봉은사역 5번출구 옆,강남구,10,37.5142,127.061
2365,K+ 타워 앞,강남구,15,37.5233,127.038
2313,금원빌딩 앞,강남구,10,37.5251,127.052
2347,두산건설 본사,강남구,15,37.5186,127.035
2362,신사동 가로수길 입구,강남구,10,37.5176,127.022
2308,압구정파출소 앞,강남구,14,37.5293,127.036
2349,역삼빌딩 앞(하나은행 옆),강남구,10,37.5015,127.039
2341,일원역 4~5번 출구 사이,강남구,10,37.4833,127.085
2305,MCM 본사 직영점 앞,강남구,10,37.5206,127.035
2360,도곡1동 주민센터 교차로,강남구,15,37.4928,127.041
2388,강남구 도시관리공단,강남구,10,37.5168,127.052
2302,교보타워 버스정류장(신논현역 3번출구 후면),강남구,10,37.5056,127.024
2385,학동역,강남구,10,37.514,127.03
2354,청담역 2번출구,강남구,5,37.5198,127.057
2334,"8.삼호@ 2동 ( 간선도로)",강남구,15,37.4938,127.046
2408,강남한양수자인아파트,강남구,14,37.4773,127.113
2309,청담역(우리들병원 앞),강남구,10,37.5189,127.049
2331,동영문화센터앞,강남구,20,37.4981,127.045
2405,청담공원앞 교차로,강남구,20,37.5187,127.051
2328,르네상스 호텔 사거리 역삼지하보도 7번출구 앞,강남구,10,37.5036,127.043
2401,밀알학교 입구 (삼성서울병원 입구),강남구,15,37.4866,127.083
2343,세곡사거리 대왕파출소 앞,강남구,10,37.4653,127.108
2326,대치동 삼성로,강남구,10,37.5024,127.059
2323,주식회사 오뚜기 정문 앞,강남구,10,37.5022,127.067
2375,수서역 1번출구 앞,강남구,10,37.4874,127.101
2395,개포1단지아파트 입구 (보도육교),강남구,10,37.4793,127.056
2320,도곡역 대치지구대 방향,강남구,10,37.4919,127.057
2371,한국우편사업진흥원,강남구,10,37.5147,127.035
2392,구룡산 입구 (구룡산 서울둘레길 입구),강남구,15,37.4746,127.055
2381,언주역 6번출구앞,강남구,8,37.5064,127.035
2357,르네상스호텔사거리 역삼지하보도 3번출구 앞 (더 오번 빌딩 명동칼국수 앞),강남구,15,37.5019,127.043
2369,KT선릉타워,강남구,20,37.5054,127.053
2314,청담나들목입구,강남구,10,37.5213,127.061
2353,강남구청역 2번출구 뒤,강남구,10,37.5168,127.04
2364,도산대로 렉서스 앞,강남구,10,37.5212,127.032
2312,청담역 13번 출구 앞,강남구,10,37.5206,127.056
2350,래미안그레이튼102동앞,강남구,10,37.4948,127.048
2361,압구정역 교차로,강남구,10,37.5268,127.028
2387,래미안강남힐즈 사거리,강남구,10,37.4725,127.096
2307,압구정 한양 3차 아파트,강남구,10,37.5286,127.039
2359,"국립국악중,고교 정문 맞은편",강남구,10,37.4756,127.05
2340,삼호물산버스정류장(23370) 옆,강남구,15,37.4775,127.045
2304,신영 ROYAL PALACE 앞,강남구,10,37.5125,127.036
2355,삼성역 5~6번 출구 사이,강남구,20,37.5091,127.062
2336,강남세브란스교차로  래미안그레이튼 104동 앞,강남구,10,37.4942,127.047
2311,학동로 래미안 아파트 앞,강남구,10,37.5178,127.043
2384,자곡사거리,강남구,10,37.476,127.106
2333,양재역 3번출구 주변,강남구,15,37.4852,127.034
2407,역삼.서초.삼성 세무서 앞 (역삼빌딩 앞),강남구,10,37.4985,127.03
2337,대모산입구역 2번출구 앞,강남구,15,37.4921,127.072
2330,스타벅스 앞,강남구,10,37.4922,127.039
2404,대모산입구역 4번 출구 앞,강남구,10,37.4918,127.073
2327,뱅뱅사거리 랜드마크타워 앞,강남구,15,37.4906,127.031
2301,현대고등학교 건너편,강남구,10,37.5241,127.022
2325,대치동 버거킹대치점,강남구,10,37.4986,127.059
2377,수서역 5번출구 뒤,강남구,10,37.4868,127.103
2322,삼성역 3번 출구,강남구,15,37.5081,127.063
2373,개포동역 사거리,강남구,20,37.4893,127.066
2394,래미안강남포레스트 입구 (보도육교),강남구,10,37.4791,127.055
2351,청소년수련관(수영장)앞,강남구,15,37.4839,127.089
2319,포스코4거리 서측(수협 삼성동 지점),강남구,10,37.5066,127.055
2383,보금자리정원,강남구,10,37.4663,127.095
2391,구룡마을 입구(개포1단지아파트),강남구,10,37.4793,127.064
2380,삼성동베이직하우스앞,강남구,15,37.5117,127.049
2368,도곡동 경남아파트 건너편,강남구,10,37.4893,127.041
2389,경기여자고등학교 후문 (삼성로3길 입구),강남구,15,37.4862,127.067
2348,포스코사거리(기업은행),강남구,20,37.5072,127.057
2352,서울본부세관(건설회관 앞),강남구,10,37.5176,127.035
2363,강남 을지병원 교차로,강남구,15,37.5192,127.027
2310,청담동 맥도날드 옆(위치),강남구,10,37.5236,127.04
2342,대청역 1번출구  뒤,강남구,10,37.494,127.08
2306,압구정역 2번 출구 옆,강남구,30,37.5271,127.029
2358,구룡초사거리 (현대아파트10동 앞 ),강남구,10,37.4814,127.054
2339,현대아파트 정문 앞,강남구,10,37.4833,127.052
2303,논현역 7번출구,강남구,15,37.5115,127.021
2386,sk 동우주유소 앞,강남구,10,37.5096,127.041
2356,강남구청,강남구,10,37.5181,127.047
2335,"3호선 매봉역 3번출구앞",강남구,10,37.4868,127.047
2317,삼성도로공원,강남구,10,37.5159,127.066
2332,선릉역3번출구,강남구,8,37.5042,127.049
2406,논현동 광명빌딩 앞,강남구,10,37.5176,127.024
2329,르네상스호텔사거리 역삼지하보도 2번출구,강남구,10,37.5024,127.043
2403,공무원연금매점 교차로 (개포주공9단지 입구),강남구,15,37.4887,127.075
2344,리엔파크 2단지 앞,강남구,10,37.4651,127.101
2324,천주교 대치 2동 교회 옆,강남구,10,37.5004,127.066
2376,수서역 6번출구 앞,강남구,20,37.4868,127.101
2398,더라움,강남구,10,37.5081,127.039
2321,학여울역 사거리,강남구,10,37.4961,127.069
2372,대치역 사거리,강남구,10,37.4945,127.064
2393,구룡사 앞 교차로 (보도육교),강남구,10,37.472,127.051
2318,삼성중앙역4번출구(문화센터더 리빌),강남구,15,37.5136,127.055
2382,역삼동 sk뷰 501동앞,강남구,11,37.5013,127.05
2370,한티역 3번출구,강남구,20,37.4966,127.054
2390,구룡마을 입구 (래미안블레스티지 아파트),강남구,10,37.4796,127.065
1017,맥도날드(길동),강동구,20,37.5355,127.145
1054,말우물 어린이 공원,강동구,10,37.56,127.17
1059,레미안 강동팰리스(102동),강동구,15,37.5382,127.132
1013,강동구청역 1번 출입구,강동구,15,37.5308,127.121
1049,강일동 10단지 아파트,강동구,10,37.5612,127.18
1062,고덕숲 아이파크 2,강동구,15,37.5511,127.163
1010,강동세무서,강동구,20,37.5345,127.138
1040,강일동 에너지 마루,강동구,10,37.5672,127.163
1047,건강보험 강동지사kt,강동구,10,37.5364,127.137
1007,사동 선사유적지,강동구,16,37.5591,127.131
1037,강일 6단지,강동구,10,37.5626,127.178
1003,해공도서관앞,강동구,20,37.5439,127.125
1034,고덕동 래미안 힐스테이트,강동구,15,37.5619,127.151
1032,선사고등학교,강동구,20,37.5567,127.136
1029,롯데 시네마,강동구,10,37.5365,127.125
1026,대명초교 입구 교차로,강동구,14,37.5466,127.156
1050,둔촌역 3번 출입구,강동구,15,37.5267,127.136
1023,한국종합기술사옥 앞,강동구,15,37.55,127.175
1018,둔촌 주공 GS 맞은편,강동구,20,37.5247,127.135
1020,강동경찰서,강동구,15,37.5283,127.127
1057,능골근린공원,강동구,15,37.5558,127.174
1016,해뜨는 주유소옆 리엔파크 109동앞,강동구,10,37.5594,127.171
1053,동명근린공원 진입로 (아리수로),강동구,8,37.5625,127.165
1015,샛마을 근린공원,강동구,13,37.5501,127.147
1012,서울 상운차량,강동구,15,37.536,127.123
1042,강일 2.5단지 사이,강동구,10,37.5686,127.177
1048,동부기업(둔촌동),강동구,10,37.531,127.142
1061,천호초교 입구 사거리(일주빌딩),강동구,10,37.5469,127.135
1009,천호역4번출구(현대백화점),강동구,20,37.5387,127.124
1039,고덕초등학교,강동구,7,37.5613,127.168
1006,롯데캐슬 115동앞,강동구,15,37.5549,127.143
1036,고덕동 주양쇼핑,강동구,10,37.552,127.153
1002,해공공원(천호동),강동구,10,37.5452,127.126
1033,고덕동 아남아파트,강동구,10,37.558,127.145
1031,암사동 CBIS,강동구,15,37.5559,127.13
1028,포레스 주상복합 빌딩,강동구,10,37.5331,127.123
1025,상일초등학교,강동구,10,37.5468,127.173
1022,길동 사거리(초소앞),강동구,20,37.5338,127.138
1019,다성이즈빌아파트(호원대 대각선 맞은편),강동구,10,37.5268,127.13
1056,강일리엔파크 7~11단지,강동구,10,37.5633,127.179
1052,리싸이클시티,강동구,10,37.5565,127.157
1014,강동구평생학습관앞,강동구,15,37.5508,127.143
1044,굽은다리역,강동구,15,37.5454,127.143
1058,고덕숲 아이파크 1,강동구,12,37.5535,127.165
1011,LIGA 아파트 앞,강동구,20,37.5348,127.135
1041,묘곡초등학교,강동구,10,37.5592,127.153
1060,천일초교 사거리,강동구,8,37.5447,127.133
1008,암사역 3번출구(국민은행앞),강동구,10,37.5495,127.127
1038,강일 다솜 어린이 공원,강동구,10,37.5687,127.175
1004,삼성광나루아파트 버스정류장,강동구,10,37.5533,127.129
1035,고덕역 4번출구,강동구,20,37.555,127.155
1001,광진교 남단 사거리(디지털프라자앞),강동구,15,37.5418,127.125
1030,미호 플랜트 앞,강동구,15,37.5271,127.122
1027,프라자 아파트 앞,강동구,20,37.536,127.148
1051,양지시장 (용성약국앞) 입구,강동구,15,37.5548,127.137
1024,강동구청 앞,강동구,10,37.5293,127.123
1021,강일동 리슈빌 빌딩앞,강동구,15,37.5643,127.174
1530,광산사거리,강북구,10,37.6436,127.022
1522,월드전기조명인테리어(우이동),강북구,10,37.6545,127.013
1527,미아역 1번 출구 뒤,강북구,10,37.6273,127.026
1511,번동 금호어울림아파트102동앞,강북구,9,37.6311,127.036
1509,서울북부수도사업소,강북구,10,37.6344,127.036
1516,우이초등학교 후문 옆,강북구,10,37.6387,127.016
1545,솔샘역 2번 출구,강북구,10,37.6204,127.014
1501,"미아역 3번,4번 출구 사이",강북구,9,37.6261,127.026
1542,삼양사거리역,강북구,10,37.6216,127.02
1543,수유1동 주민센터,강북구,10,37.6302,127.018
1514,강북구청 사거리 버스정류소 앞,강북구,10,37.6388,127.028
1539,"4.19민주묘지역",강북구,10,37.6497,127.013
1503,이디야 커피 수유역점 앞,강북구,12,37.6393,127.027
1535,효성인텔리안 앞,강북구,10,37.6363,127.023
1532,번3동 주민센터 교차로,강북구,10,37.6264,127.047
1529,미아동 한국전력공사,강북구,15,37.6302,127.025
1513,강북구청 뒷편,강북구,20,37.6397,127.025
1526,수유동 채선당앞,강북구,8,37.6417,127.025
1510,번동주공5단지 관리사무소 앞,강북구,10,37.6337,127.036
1519,세븐일레븐 수유장미원점 앞,강북구,10,37.6455,127.016
1515,송천동 주민센터,강북구,10,37.6183,127.024
1541,삼양역,강북구,10,37.6265,127.018
1506,강북문화예술회관,강북구,20,37.6403,127.013
1538,솔밭공원역,강북구,8,37.6562,127.013
1536,번동 두산위브 101동 옆,강북구,20,37.6363,127.032
1546,송천동우체국,강북구,10,37.6155,127.03
1534,북서울 꿈의 숲 동문,강북구,20,37.6196,127.045
1531,미아사거리 1번 출구,강북구,10,37.614,127.03
1528,삼각산동 주민센터,강북구,10,37.615,127.021
1512,강북중학교 앞,강북구,20,37.6447,127.027
1518,SK telecom(수유직영점) 앞,강북구,10,37.6431,127.016
1520,성실교회,강북구,10,37.6399,127.023
1525,미아동 복합청사,강북구,10,37.6271,127.027
1540,가오리역,강북구,10,37.6417,127.017
1504,다이소 삼양시장점,강북구,10,37.6242,127.019
1537,북한산 우이역,강북구,10,37.6637,127.012
1533,"번동 주공3, 4단지 교차로",강북구,10,37.6299,127.041
1182,KBS 스포츠월드,강서구,20,37.5569,126.849
1155,기쁜우리복지관,강서구,10,37.5693,126.848
1137,등촌2동주민센터,강서구,10,37.5414,126.863
1110,공항중학교앞,강서구,10,37.5627,126.816
1178,개화산역 2번 출구,강서구,10,37.5725,126.806
1151,마곡역1번출구,강서구,25,37.5602,126.823
1146,곰달래사거리,강서구,10,37.5303,126.838
1174,강서구청사거리(부민병원),강서구,9,37.5566,126.851
1130,화곡본동시장 버스정류장,강서구,7,37.5428,126.843
1172,가양3동 주민센터,강서구,8,37.5612,126.861
1198,LG 사이언스파크,강서구,20,37.5625,126.827
1126,우장산역 1번출구옆(우장산아이파크105동앞),강서구,7,37.5489,126.837
1168,마곡엠밸리10단지 앞,강서구,10,37.5602,126.819
1169,염창역 1번 출구,강서구,8,37.5472,126.874
1195,코오롱one&only타워,강서구,20,37.5641,126.834
1186,송정중학교,강서구,10,37.5547,126.816
1190,마곡역 교차로(2번출구),강서구,10,37.5605,126.827
1119,염창동 한마음아파트앞(염창동 빛나는 음악학원앞),강서구,6,37.5543,126.868
1113,서남환경공원 버스정류장,강서구,15,37.5731,126.823
1109,공항시장역 4번출구,강서구,6,37.5633,126.81
1163,방화동강서기동대앞,강서구,10,37.5705,126.82
1149,신방화역환승주차장,강서구,13,37.5673,126.818
1166,강서구립등빛도서관,강서구,10,37.5626,126.842
1105,방화근린공원,강서구,10,37.5816,126.813
1160,양천향교역 7번출구앞,강서구,20,37.5677,126.841
1117,스타벅스앞,강서구,10,37.5582,126.844
1158,가양역 8번출구,강서구,20,37.561,126.855
1140,목동사거리 버스정류장,강서구,15,37.5314,126.864
1181,농수산식품공사 (강서지사),강서구,10,37.551,126.818
1153,발산역 2번출구,강서구,10,37.5589,126.838
1136,등촌2파출소,강서구,10,37.5448,126.862
1177,수명중?고교,강서구,10,37.5501,126.824
1150,송정역 1번출구,강서구,10,37.5616,126.81
1132,등촌역 7번출구,강서구,10,37.5511,126.864
1106,신방화사거리,강서구,10,37.573,126.816
1173,강서구청사거리(SH타워),강서구,15,37.5563,126.853
1129,화곡역 1번 출구 앞,강서구,7,37.5421,126.84
1171,염창동 새마을금고 건너편 (모닝글로리),강서구,8,37.55,126.873
1197,엘펠리체 호텔 건너편,강서구,20,37.5604,126.835
1124,발산역 6번출구옆(다이소앞),강서구,10,37.558,126.838
1194,센서택㈜,강서구,10,37.5633,126.837
1121,가양레포츠센터앞,강서구,15,37.5595,126.864
1188,롯데중앙연구소,강서구,8,37.5714,126.828
1118,증미역 3번출구뒤(등촌두산위브센티움오피스텔),강서구,10,37.5575,126.861
1185,등촌9단지,강서구,10,37.5629,126.849
1112,마곡엠밸리4단지 정문,강서구,15,37.5686,126.825
1108,공항시장역 1번출구,강서구,8,37.5636,126.81
1162,공항초등학교건너편,강서구,10,37.5627,126.82
1102,방화사거리 마을버스 버스정류장,강서구,10,37.5736,126.812
1159,서서울모터리움앞,강서구,20,37.5659,126.847
1115,등촌역 1번출구옆,강서구,10,37.5517,126.864
1145,곰달래 문화복지센터 1-2,강서구,10,37.5289,126.848
1157,강서구청,강서구,8,37.5507,126.85
1139,용문사 버스정류장,강서구,8,37.537,126.863
1180,마곡엠밸리 15단지(1502동) 건너편,강서구,15,37.5575,126.83
1152,마곡역교차로,강서구,10,37.5587,126.827
1135,강서구의회,강서구,10,37.5465,126.863
1148,볏골공원,강서구,10,37.5415,126.845
1165,마곡중학교 후문,강서구,20,37.5684,126.822
1175,대한항공 인력개발센터,강서구,15,37.5544,126.858
1131,꿈돌이공원 앞,강서구,8,37.5464,126.845
1127,화곡역(에이스정형외과앞) 버스정류장,강서구,10,37.541,126.839
1170,강서구보건소 (삼성디지털 프라자),강서구,11,37.5492,126.869
1196,서울식물원(문화센터) 건너편,강서구,15,37.5682,126.836
1122,황금내근린공원,강서구,10,37.5619,126.864
1120,대림경동아파트앞,강서구,10,37.5652,126.854
1114,서남물재생센터 버스정류장,강서구,15,37.5728,126.826
1184,마곡13단지,강서구,15,37.5564,126.816
1111,마곡엠밸리6_7단지 마곡중학교,강서구,15,37.567,126.822
1167,마곡수명산파크3단지 교차로,강서구,15,37.5535,126.826
1191,마곡역 교차로(NH농협),강서구,9,37.5602,126.827
1161,강서면허시험장앞,강서구,10,37.5497,126.82
1125,명덕고교입구(영종빌딩),강서구,10,37.5529,126.837
1101,개화동상사마을종점 버스정류장,강서구,10,37.5816,126.799
1103,방화역 4번출구앞,강서구,10,37.5772,126.812
1141,곰달래 문화복지센터 1-1,강서구,10,37.5291,126.848
2103,신림동 우방아파트,관악구,10,37.4892,126.919
2171,서울대입구역 5번출구,관악구,17,37.4815,126.952
2175,신림동걷고싶은문화의거리입구,관악구,10,37.4873,126.929
2178,서울대학교 정문,관악구,15,37.4668,126.949
2173,당곡사거리,관악구,10,37.4897,126.927
2140,신림1교 교차로,관악구,12,37.4784,126.932
2148,낙성대역 3번출구 뒤,관악구,10,37.477,126.963
2129,낙성대 과학전시관,관악구,10,37.4691,126.958
2110,조원동 미성아파트,관악구,9,37.4832,126.902
2119,중앙동 동진빌딩,관악구,10,37.4843,126.955
2170,조원동서울본병원,관악구,10,37.4815,126.912
2176,보라매공원 보도육교,관악구,15,37.489,126.916
2122,낙성대로 입구,관악구,20,37.4781,126.96
2160,관악구 보건소,관악구,15,37.4786,126.951
2165,JK장평타워,관악구,10,37.4765,126.965
2108,은천치안센터,관악구,20,37.4833,126.943
2157,난곡 사거리,관악구,10,37.4818,126.915
2144,난우길입구,관악구,15,37.4778,126.917
2106,난곡 새마을금고,관악구,12,37.4737,126.918
2102,봉림교 교통섬,관악구,20,37.4842,126.926
2180,신림동주민센터,관악구,10,37.4875,126.928
2177,신대방역 2번 출구,관악구,19,37.4871,126.913
2172,나들목공원,관악구,20,37.4694,126.945
2137,KT&G 관악지점,관악구,10,37.4849,126.937
2156,농협 관악문성지점,관악구,12,37.4807,126.909
2143,서울산업정보학교,관악구,10,37.4707,126.942
2128,관악구청교차로,관악구,12,37.4792,126.953
2115,관악농협농산물백화점,관악구,15,37.4799,126.903
2169,봉천역 2번출구,관악구,7,37.4822,126.942
2116,에이스에이존빌딩,관악구,9,37.4817,126.951
2159,인헌초교,관악구,10,37.4751,126.959
2107,도림천 신화교,관악구,25,37.4755,126.936
2153,서울남부초등학교 옆,관악구,10,37.4851,126.921
2135,신림역 5번출구,관악구,9,37.4844,126.929
2105,미성동 신림체육센터,관악구,12,37.4803,126.915
2113,관악동작견인차량보관소,관악구,10,37.4847,126.904
2111,서울대입구역 1번출구,관악구,10,37.4809,126.953
2179,양녕로 입구,관악구,10,37.4822,126.946
2174,삼성디지털프라자관악점,관악구,10,37.4886,126.928
2145,은천초등학교 육교,관악구,12,37.4864,126.943
2130,영어마을 관악캠프,관악구,15,37.472,126.959
2139,서울신성초등학교,관악구,10,37.4712,126.937
2141,미림여고입구 교차로,관악구,12,37.4723,126.933
2184,구암초등학교 버스정류장,관악구,10,37.4895,126.946
2109,은천로입구 가로공원,관악구,15,37.4862,126.936
2167,낙성대역 1번출구,관악구,12,37.4763,126.965
2112,서울대입구역 마에스트로,관악구,15,37.4813,126.951
2164,관악우체국,관악구,8,37.4848,126.933
2136,신림역 8번출구,관악구,10,37.4846,126.93
2104,사당역 5번출구,관악구,13,37.4761,126.981
2127,보성운수차고지 맞은편,관악구,10,37.4649,126.919
3534,건대입구역 5번출구 뒤,광진구,10,37.5401,127.069
3520,광진경찰서,광진구,10,37.5425,127.084
3504,원일교회,광진구,8,37.5381,127.077
576,광나루역 3번 출구,광진구,10,37.5448,127.104
3501,광진구청 앞,광진구,10,37.5395,127.083
573,구의문주차장 앞,광진구,10,37.5452,127.085
593,양중앙나들목,광진구,5,37.5286,127.078
3508,화양사거리,광진구,10,37.5482,127.068
3523,건국대학교 과학관(이과대) 앞,광진구,10,37.5417,127.08
555,구의3동주민센터,광진구,10,37.5378,127.092
505,자양사거리 광진아크로텔 앞,광진구,10,37.537,127.082
546,잠실대교북단 교차로,광진구,8,37.5325,127.085
552,대림아크로리버 앞,광진구,10,37.5366,127.093
542,강변역 4번출구 뒤,광진구,19,37.5355,127.094
3529,어린이대공원정문,광진구,15,37.5498,127.076
590,건국대학교 (입학정보관),광진구,10,37.5399,127.073
500,어린이대공원역 3번출구 앞,광진구,10,37.5471,127.074
3536,중앙농협(자양동),광진구,10,37.5318,127.081
3533,건대입구역 사거리(롯데백화점),광진구,10,37.5391,127.071
502,뚝섬유원지역 1번출구 앞,광진구,27,37.5319,127.067
3503,광진유진스웰,광진구,20,37.5505,127.109
515,광양중학교 앞,광진구,10,37.5302,127.087
575,중앙농협 중곡지점,광진구,10,37.5643,127.087
3500,군자역2번출구,광진구,10,37.5576,127.08
572,국립정신 건강센터 앞,광진구,20,37.5654,127.087
549,아차산역 3번출구,광진구,10,37.5512,127.09
501,광진구의회 앞,광진구,15,37.5373,127.07
3507,어린이회관,광진구,25,37.546,127.078
3524,세종대학교,광진구,15,37.5502,127.074
544,광남중학교,광진구,20,37.5407,127.103
584,광진광장 교통섬,광진구,20,37.5478,127.073
551,구의삼성쉐르빌 앞,광진구,10,37.5401,127.094
540,군자역 7번출구 베스트샵 앞,광진구,8,37.556,127.079
592,건국대학교 학생회관,광진구,15,37.5419,127.078
3528,광진정보도서관,광진구,8,37.5506,127.111
504,신자초교입구교차로,광진구,5,37.533,127.076
3535,중곡사거리(국민은행),광진구,10,37.5592,127.088
3521,현대홈타운 뒷길,광진구,10,37.5434,127.097
516,광진메디칼 앞,광진구,10,37.5484,127.069
503,더샵스타시티 C동 앞,광진구,15,37.5367,127.074
3516,구의아리수정수센터앞,광진구,10,37.5437,127.093
3505,신양초교앞 교차로,광진구,12,37.5352,127.068
577,광진청소년수련관,광진구,10,37.5465,127.106
3502,중곡역 1번출구,광진구,15,37.5657,127.084
574,아차산역4번출구,광진구,20,37.5518,127.089
3509,세종사이버대학교,광진구,20,37.5534,127.073
571,어린이대공원역6번출구,광진구,20,37.5485,127.075
548,자양나들목,광진구,20,37.5298,127.075
3517,용마사거리,광진구,10,37.5625,127.082
3506,영동대교 북단,광진구,10,37.537,127.061
3510,중곡SK아파트앞,광진구,10,37.5686,127.086
553,중곡 성원APT 앞,광진구,10,37.5713,127.08
543,구의공원(테크노마트 앞),광진구,20,37.536,127.095
539,군자교교차로,광진구,10,37.5598,127.074
591,건국대학교 (행정관),광진구,5,37.5428,127.075
3537,아차산 휴먼시아 아파트 옆,광진구,15,37.5485,127.094
1912,한신휴아파트 앞,구로구,10,37.4888,126.891
1981,천왕이펜하우스5단지 앞,구로구,10,37.4794,126.843
1908,해원리바파크 육교 밑,구로구,10,37.4953,126.872
1977,천왕역 1번 출입구 앞,구로구,15,37.4862,126.839
1984,구로구청,구로구,10,37.4953,126.888
1904,도림천역 1번 출구 앞,구로구,10,37.5142,126.883
1974,신도림2차e편한세상아파트 203동 앞,구로구,10,37.5052,126.883
1969,궁동생태공원,구로구,10,37.5019,126.829
1967,참새공원(백곡경노당),구로구,10,37.5051,126.844
1964,원메디타운 앞,구로구,10,37.4979,126.865
1960,화광신문사 앞,구로구,10,37.5028,126.889
1953,천왕역 4번출구 뒤,구로구,20,37.4864,126.839
1930,개봉지구대 개봉치안센터,구로구,7,37.4977,126.854
1991,오류동역 맞은편,구로구,10,37.4968,126.845
1946,구로역 광장,구로구,10,37.5031,126.88
1924,삼부르네상스파크빌,구로구,10,37.4787,126.895
1986,태평양물산빌딩,구로구,15,37.4849,126.895
1913,구로리공원,구로구,10,37.491,126.892
1911,구로디지털단지역 앞,구로구,10,37.4849,126.901
1979,구로1동우체국 앞,구로구,10,37.492,126.874
1907,구일우성(아) 육교 밑,구로구,12,37.4896,126.876
1976,남구로역 5번 출입구 앞,구로구,10,37.4857,126.887
1983,구로동롯데아파트,구로구,10,37.5025,126.884
1901,신도림동주민센터 앞,구로구,10,37.5073,126.88
1973,오리로와 서해안도로 교차로 앞,구로구,10,37.4886,126.836
1968,동인오피스텔 건너편 소공원,구로구,12,37.4985,126.848
1925,동양미래대학교 정문 옆,구로구,20,37.4999,126.868
1966,한마을아파트 정문상가,구로구,10,37.4965,126.863
1962,가리봉동주민센터,구로구,15,37.4816,126.893
1959,구로구의회 앞,구로구,10,37.4965,126.89
1957,구일고등학교 정문,구로구,15,37.4934,126.874
1937,한진아파트 입구,구로구,15,37.4861,126.852
1994,삼성전자 물류센터 앞,구로구,10,37.497,126.872
1952,천왕연지타운2단지 앞,구로구,15,37.4821,126.846
1929,고척근린공원 고척도서관 앞,구로구,10,37.5051,126.853
1988,고척LIGA아파트 앞,구로구,20,37.5061,126.861
1943,온수역 북측,구로구,10,37.4928,126.825
1920,서울미래초등학교 사거리,구로구,10,37.5044,126.888
1910,낙원교회 맞은편,구로구,5,37.4975,126.884
1985,구로도서관,구로구,20,37.4985,126.892
1906,신도림역 1번 출구 앞,구로구,20,37.5097,126.89
1975,대림역 1번 출입구 밑,구로구,10,37.4926,126.895
1971,오정초교 앞 보도육교,구로구,10,37.4907,126.826
1931,개봉역(북측광장),구로구,10,37.495,126.858
1914,대림역4번출구,구로구,10,37.4946,126.894
1965,삼환로즈빌아파트 105동 옆,구로구,15,37.4972,126.859
1961,신도림테크노근린공원,구로구,15,37.5082,126.891
1958,강서수도사업소민원센터,구로구,10,37.4958,126.89
1956,도야미리숯불갈비 앞,구로구,10,37.51,126.882
1933,개봉푸르지오아파트 상가,구로구,10,37.5016,126.847
1993,금강수목원아파트 앞,구로구,10,37.4894,126.834
1951,천왕이펜하우스 4단지 상가 앞,구로구,20,37.4803,126.84
1928,고척스카이돔구장 광장,구로구,10,37.4995,126.868
1955,디지털입구 교차로,구로구,10,37.4829,126.901
1987,개봉아이파크아파트 앞,구로구,15,37.4903,126.861
1936,개봉역 1번 출구 자전거보관서쪽,구로구,10,37.4943,126.859
1916,구로중학교앞,구로구,10,37.4941,126.89
1829,홈플러스 금천점 앞,금천구,10,37.4691,126.897
1840,솔브레인이엔지 뒤편,금천구,20,37.4751,126.888
1850,코오롱테크노밸리,금천구,10,37.4802,126.886
1824,독산근린공원 입구,금천구,15,37.4646,126.884
1816,금천폭포공원 앞,금천구,20,37.4469,126.904
1827,독산보도육교 앞 자전거 보관소,금천구,20,37.4558,126.893
1809,LG전자 별관동(호서대 벤처타워 맞은편),금천구,10,37.4708,126.885
1805,서울디지털운동장 앞,금천구,10,37.4823,126.878
1855,성지아파트 옆 도로변,금천구,10,37.4513,126.898
1834,월드메르디앙 벤처센터 2차,금천구,15,37.4791,126.879
1846,롯데캐슬골드파크1차 동문,금천구,15,37.4602,126.896
1831,메이퀸웨딩컨벤션 앞,금천구,10,37.4725,126.898
1842,한울중학교,금천구,15,37.4626,126.907
1826,한신코아 앞,금천구,20,37.4568,126.888
1839,수출의 다리 아래,금천구,20,37.4771,126.885
1849,대륭포스트타워5차,금천구,10,37.4814,126.887
1823,상신정비공업 앞,금천구,20,37.4589,126.899
1821,홈플러스 시흥점 맞은편 다비치안경 앞,금천구,10,37.4515,126.902
1814,두산위브아파트 옆 상가건물 앞,금천구,8,37.4742,126.894
1808,에이스하이엔드타워8차 앞,금천구,20,37.4732,126.885
1857,주공14단지,금천구,15,37.4606,126.887
1854,가산아네스트 오피스텔 앞,금천구,10,37.4782,126.897
1819,금천구청 앞 자전거거치대,금천구,10,37.4565,126.896
1848,벽산 디지털밸리 5차,금천구,10,37.4763,126.885
1845,롯데캐슬골드파크1차 서문,금천구,15,37.4603,126.892
1830,빅마켓 금천점 앞,금천구,15,37.4702,126.895
1841,가산동 주민센터,금천구,10,37.477,126.892
1825,한신아파트 앞 육교 아래,금천구,10,37.4547,126.891
1822,서울 시흥동우체국 앞,금천구,10,37.453,126.901
1820,신한은행 시흥대로금융센터지점,금천구,10,37.4433,126.903
1836,금천구립 독산도서관,금천구,7,37.4674,126.908
1851,가산디지털단지 7번출구,금천구,10,37.4812,126.881
1812,갑을그레이트밸리 앞,금천구,10,37.479,126.887
1858,석수역1번출구 앞 (SK주유소),금천구,10,37.4373,126.903
1806,에이스하이엔드타워9차 앞,금천구,10,37.4862,126.879
1804,독산역 2번출구 자전거주차장,금천구,10,37.4665,126.889
1856,모두의학교,금천구,10,37.4784,126.907
1853,서울디자인직업전문학교 앞,금천구,10,37.4725,126.896
1835,STX V타워,금천구,10,37.4771,126.884
1847,독산주공 14단지 버스정류소,금천구,10,37.461,126.887
1833,독산역 1번출구 앞 자전거보관소,금천구,10,37.4665,126.89
1843,독산고등학교,금천구,10,37.4771,126.911
1628,노일초등학교 앞,노원구,10,37.6736,127.055
1611,과기대 입구(우),노원구,20,37.6299,127.077
1642,서울여대 남문,노원구,7,37.6254,127.088
1603,롯데캐슬 102동 코너(월계주유소건너),노원구,10,37.6249,127.05
1686,온수골사거리(스타벅스앞),노원구,10,37.6611,127.058
1660,서울시립과학관,노원구,8,37.6421,127.077
1683,노원문화예술회관,노원구,10,37.6505,127.081
1656,중앙하이츠 아파트 입구,노원구,10,37.655,127.067
1680,삼육대 제3과학관,노원구,10,37.6427,127.108
1602,광운대역 앞,노원구,15,37.6227,127.062
1653,노원역1번출구,노원구,10,37.6562,127.064
1682,중계종합사회복지관 교차로,노원구,13,37.6568,127.078
1651,맥도날드 상계점 앞,노원구,20,37.6724,127.056
1689,마들역 3번출구,노원구,10,37.6652,127.058
1643,태릉입구역 8번출구,노원구,10,37.6174,127.075
1670,노원경찰서교차로,노원구,15,37.6434,127.072
1637,KT 노원점 건물 앞,노원구,15,37.6547,127.063
1675,월계문화체육센터,노원구,14,37.6269,127.055
1667,중계중학교,노원구,10,37.6545,127.074
1635,상계3.4동 주민센터 대여소,노원구,11,37.6727,127.083
1664,노해근린공원내,노원구,10,37.6494,127.07
1617,하계동 중평어린이공원 앞,노원구,20,37.6371,127.063
1662,노원역7번출구,노원구,15,37.6541,127.059
1620,중계동 노원구민체육센터 옆(중1-2),노원구,10,37.6482,127.07
1619,중계동 하나프라자빌딩 앞(중1-1),노원구,10,37.649,127.076
1610,화랑대역 2번출구 앞,노원구,20,37.6204,127.084
1601,석계역 문화광장 내 자전거 보관소,노원구,20,37.6153,127.064
1685,불암고등학교 앞 횡단보도,노원구,8,37.6482,127.08
1659,중계동 을지중학교,노원구,10,37.6503,127.072
1627,수락산역 4번출구,노원구,14,37.6769,127.055
1655,공릉1단지아파트,노원구,15,37.6311,127.07
1679,삼육대 도서관,노원구,15,37.6428,127.107
1652,파르코 앞,노원구,10,37.68,127.056
1681,현대6차 아파트,노원구,12,37.6458,127.082
1674,서울북부고용센터앞,노원구,15,37.6535,127.058
1691,노원정보도서관,노원구,10,37.6607,127.065
1650,중계근린공원내,노원구,20,37.6396,127.065
1672,상계동수락리버시티,노원구,15,37.6886,127.053
1688,마들역 7번출구,노원구,9,37.6657,127.057
1669,중계역 3번출구,노원구,9,37.6435,127.065
1636,백병원 사거리 농협은행 앞,노원구,10,37.6492,127.062
1640,한내근린공원 북측,노원구,10,37.6239,127.068
1666,노원소방서인근,노원구,10,37.6558,127.072
1634,당고개공원 대여소,노원구,15,37.6691,127.078
1663,동해문화예술관앞,노원구,20,37.6194,127.058
1630,수연빌딩 앞,노원구,10,37.6763,127.056
1616,하계2동 공항버스정류장 옆,노원구,10,37.6351,127.068
1661,당현천근린공원,노원구,10,37.6496,127.066
1605,헬스케어,노원구,10,37.6316,127.062
1608,공릉역 1번 출구 앞,노원구,10,37.6266,127.073
1606,태릉입구역 3번출구,노원구,10,37.6192,127.075
1684,태릉입구역 5번출구,노원구,20,37.6183,127.076
1657,노원구청,노원구,10,37.654,127.057
1625,상계역(4번출구),노원구,20,37.66,127.073
1654,당고개입구 오거리,노원구,15,37.6638,127.075
1678,성서대학교 밀알관,노원구,15,37.6484,127.064
1673,노원역?5번출구,노원구,10,37.654,127.061
1690,도봉운전면허시험장,노원구,10,37.6577,127.059
1646,삼육대 입구,노원구,20,37.6385,127.108
1671,인덕대학교,노원구,15,37.6293,127.055
1639,희성오피앙,노원구,10,37.6803,127.055
1677,육군사관학교  앞,노원구,10,37.6232,127.09
1668,중계역 6번출구,노원구,10,37.6455,127.063
1641,한내근린공원 남측,노원구,15,37.6216,127.07
1665,양지근린공원앞,노원구,10,37.6473,127.076
1623,노원 구민회관,노원구,20,37.6386,127.066
1721,창동역 2번출구,도봉구,12,37.653,127.047
1717,시립창동운동장 입구,도봉구,15,37.6557,127.05
1714,도봉문화정보도서관 삼거리,도봉구,10,37.6446,127.045
1703,도봉산광역환승센터앞,도봉구,15,37.6897,127.045
1706,기업은행 앞,도봉구,10,37.6657,127.043
1726,삼익세라믹아파트교차로,도봉구,8,37.6586,127.035
1735,"도봉역 1,2번 출구사이 건너편",도봉구,13,37.6791,127.045
1722,창동청소년수련관,도봉구,15,37.6578,127.05
1732,우리은행 앞,도봉구,10,37.6676,127.043
1712,창동역공영주차장앞,도봉구,15,37.654,127.05
1705,도봉구청 정문앞,도봉구,8,37.6692,127.047
1720,도봉구청 옆(중랑천변),도봉구,27,37.6687,127.048
1716,하나로마트 창동점,도봉구,10,37.6542,127.051
1737,하나은행 (창동점),도봉구,8,37.6397,127.039
1725,창1동주민센터,도봉구,10,37.6475,127.043
1734,쌍문현대1차아파트 108동 앞,도봉구,10,37.6581,127.033
1730,도봉산역 교차로 앞,도봉구,10,37.6876,127.046
1709,쌍문역4번출구 주변,도봉구,15,37.6501,127.035
1702,녹천역 1번출구 앞,도봉구,10,37.6462,127.051
1719,신도봉사거리 버스정류장,도봉구,10,37.6733,127.044
1715,서울특별시교육청도봉도서관,도봉구,20,37.6532,127.013
1713,쌍문동 청소년 랜드,도봉구,10,37.6473,127.026
1728,서울북부지방법원,도봉구,15,37.6777,127.046
1708,보건소사거리(다비치안경창동점),도봉구,8,37.6568,127.04
1727,서울도봉초등학교인근,도봉구,15,37.6787,127.041
1736,버스정류장 앞,도봉구,12,37.6522,127.037
1723,방학동학마을도서관,도봉구,10,37.6621,127.028
1733,방학사거리 (봄마당 앞),도봉구,12,37.663,127.042
1729,파리바게트앞,도봉구,10,37.684,127.046
1707,도봉구민회관,도봉구,15,37.6545,127.039
1741,제일강산수산입구,도봉구,15,37.6452,127.033
613,신설동역 10번출구 앞,동대문구,10,37.5753,127.023
654,전농동 텃골공원,동대문구,10,37.5776,127.052
657,동대문롯데캐슬아파트 앞,동대문구,13,37.5758,127.048
627,장안동삼거리 교통섬,동대문구,10,37.5786,127.072
624,전농동 동아아파트 앞,동대문구,10,37.5742,127.046
606,휘경공고앞,동대문구,6,37.5846,127.07
648,장안동위더스빌옆,동대문구,15,37.5667,127.062
602,장안동 사거리,동대문구,10,37.5722,127.071
647,신이문역 1번출구,동대문구,10,37.6028,127.067
643,동대문구민체육센터 (육교아래),동대문구,10,37.567,127.074
641,용두역 4번출구,동대문구,10,37.5738,127.039
638,서울시립대 정보기술관,동대문구,20,37.583,127.061
635,시조사 앞 (청량고정문 옆),동대문구,12,37.5875,127.053
615,용두동 레미안허브리츠아파트 앞,동대문구,20,37.5764,127.035
658,촬영소 사거리,동대문구,10,37.5729,127.066
630,동대문구 보건소,동대문구,15,37.5749,127.04
612,시립동부병원 앞 사거리,동대문구,20,37.5737,127.031
652,답십리 래미안엘파인아파트 입구,동대문구,20,37.5765,127.066
656,영휘원 교차로,동대문구,10,37.5872,127.043
626,군자교 서측 녹지대,동대문구,10,37.5612,127.071
661,경희대학교 청운관,동대문구,10,37.5946,127.052
623,서울시립대 정문 앞,동대문구,20,37.5837,127.054
609,제기2교,동대문구,20,37.5878,127.037
651,우리은행청량리지점앞,동대문구,10,37.5827,127.048
621,동대문중학교 옆,동대문구,15,37.5747,127.053
605,신설동역8번출구,동대문구,8,37.5742,127.026
601,용신동주민센터,동대문구,10,37.5759,127.037
646,장한평역 1번출구 (국민은행앞),동대문구,10,37.5619,127.064
640,KEB하나은행 청량리역지점,동대문구,6,37.5825,127.044
637,KAIST 경영대학 앞,동대문구,10,37.5916,127.046
634,외국어대 정문 앞,동대문구,20,37.596,127.06
617,청솔우성아파트 앞,동대문구,20,37.5742,127.058
660,동의보감타워,동대문구,10,37.578,127.038
614,용두동 사거리,동대문구,20,37.5777,127.031
628,휘봉고등학교 앞,동대문구,15,37.5868,127.068
610,동대문중 교차로,동대문구,10,37.5731,127.052
625,답십리초등학교 앞(현대시장 옆),동대문구,9,37.5682,127.057
622,전농사거리 교통섬,동대문구,15,37.5778,127.058
608,전농삼성아파트,동대문구,10,37.5813,127.055
650,중랑교사거리,동대문구,20,37.5915,127.068
604,답십리초등학교 옆 공원,동대문구,15,37.5697,127.056
600,휘경2동 주민센터,동대문구,10,37.5899,127.069
642,신답역 사거리,동대문구,7,37.5702,127.049
639,서울시립대 후문,동대문구,14,37.5852,127.061
636,세종대왕기념관 교차로,동대문구,10,37.5909,127.043
633,청량리 기업은행 앞,동대문구,8,37.5804,127.045
616,서울시립대 앞,동대문구,20,37.5826,127.054
659,제기역1번출구,동대문구,15,37.5784,127.033
631,답십리역 1번출구,동대문구,15,37.5682,127.051
2054,삼익아파트,동작구,10,37.5105,126.945
2056,동작구민 체육센터,동작구,10,37.4945,126.917
2050,노량진역 5번출구,동작구,10,37.5132,126.94
2037,동작역 5번출구 동작주차공원,동작구,20,37.5032,126.977
2012,녹십초요양병원앞,동작구,10,37.4884,126.906
2068,총신대 앞(육교),동작구,12,37.4882,126.966
2025,흑석역 1번출구,동작구,15,37.5094,126.964
2008,노량진근린공원 대방공원,동작구,10,37.5094,126.928
2063,대방역 4번출구,동작구,15,37.5129,126.927
2061,한강 현대아파트 건너편,동작구,10,37.5059,126.969
2058,노량진동 맥도널드앞,동작구,10,37.5135,126.944
2069,숭실대 입구역3번 출구 앞,동작구,7,37.4966,126.954
2026,흑석역 4번출구,동작구,10,37.5091,126.963
2048,삼일초등학교 인근,동작구,10,37.4885,126.974
2040,비계 버스정류소,동작구,10,37.5064,126.969
2033,사당동 아르테스 웨딩앞,동작구,10,37.4815,126.982
2036,정금마을 마을버스정류장,동작구,20,37.4947,126.982
2032,이수역 11번출구쪽,동작구,10,37.4855,126.982
2009,보라매역 8번출구,동작구,10,37.5001,126.921
2067,LG전자 베스트샾 대리점 앞,동작구,10,37.4977,126.92
2024,상도역 1번출구,동작구,10,37.5022,126.948
2016,신대방삼거리역 3번출구쪽,동작구,10,37.4996,126.927
2065,서울시여성가족재단,동작구,15,37.512,126.927
2007,유한양행앞,동작구,20,37.5129,126.934
2060,남성역3번출구 뒤,동작구,10,37.4846,126.972
2028,남성역 2번출구 뒷편,동작구,10,37.4845,126.971
2057,상도 아이파크 아파트,동작구,10,37.5009,126.942
2041,사당중학교 버스정류소,동작구,10,37.4868,126.968
2038,동작역 7번출구,동작구,10,37.5032,126.976
2015,신대방삼거리역 6번출구쪽,동작구,10,37.4999,126.93
2070,노량진역 2번 출구 앞,동작구,12,37.5139,126.943
2027,중앙대학교 정문,동작구,15,37.507,126.959
2066,양문교회 앞,동작구,10,37.4894,126.907
2020,장승배기역2번출구뒷편쪽,동작구,10,37.5045,126.939
237,보라매 두산위브 건너편,동작구,20,37.4965,126.915
2013,장승배기역 5번출구,동작구,30,37.5059,126.939
2064,흑석한강푸르지오 106동앞,동작구,10,37.5054,126.966
2062,사당새마을금고,동작구,10,37.4867,126.968
2002,노들역 1번출구,동작구,20,37.5128,126.952
2059,보라매공원 정문,동작구,10,37.4971,126.918
2003,사육신공원앞,동작구,10,37.5134,126.948
154,마포구청역,마포구,13,37.5609,126.905
113,홍대입구역 2번출구 앞,마포구,25,37.5575,126.924
411,DMC홍보관,마포구,9,37.578,126.891
125,서강대 남문 옆,마포구,15,37.5495,126.939
152,마포구민체육센터 앞,마포구,30,37.5566,126.898
103,망원역 2번출구 앞,마포구,14,37.555,126.911
101,(구)합정동 주민센터,마포구,5,37.5496,126.906
108,서교동 사거리,마포구,10,37.5527,126.919
148,용강동 주민센터 앞,마포구,11,37.5423,126.943
424,롯데하이마트 (상암월드컵점),마포구,15,37.5736,126.898
104,합정역 1번출구 앞,마포구,13,37.5506,126.915
145,공덕역 5번출구,마포구,9,37.5443,126.952
421,마포구청 앞,마포구,8,37.5659,126.901
401,상암월드컵파크 10단지 앞,마포구,15,37.5862,126.882
413,상암월드컵파크 3단지 후문,마포구,9,37.5715,126.89
124,서강대 정문 건너편,마포구,20,37.5511,126.937
142,아현역 4번출구 앞,마포구,11,37.5572,126.956
111,상수역 2번출구 앞,마포구,10,37.5479,126.924
412,DMC산학협력연구센터 앞,마포구,20,37.5758,126.891
184,SK망원동주유소 건너편,마포구,9,37.5589,126.908
199,서울 월드컵 경기장,마포구,30,37.5668,126.896
432,마포중앙도서관,마포구,10,37.5633,126.908
126,서강대 후문 옆,마포구,20,37.5504,126.944
129,신촌역(2호선) 6번출구 옆,마포구,15,37.5551,126.938
402,상암월드컵파크 9단지 앞,마포구,20,37.5829,126.88
156,서울서부지방법원 앞,마포구,10,37.5499,126.955
419,홈플러스 앞,마포구,21,37.5684,126.899
405,DMC빌 앞,마포구,8,37.5827,126.886
153,성산2교 사거리,마포구,12,37.5647,126.913
107,신한은행 서교동금융센터점 앞,마포구,5,37.5575,126.919
151,망원1동주민센터,마포구,10,37.5557,126.906
426,서울신용보증재단,마포구,10,37.5491,126.954
417,DMC역 2번출구 옆,마포구,20,37.5751,126.9
147,마포역 4번출구 뒤,마포구,7,37.5393,126.946
418,월드컵경기장역 3번출구 옆,마포구,10,37.5707,126.899
144,공덕역 8번출구,마포구,10,37.5436,126.951
121,마포소방서 앞,마포구,15,37.5498,126.933
130,신촌역(2호선) 7번출구 앞,마포구,10,37.5549,126.936
114,홍대입구역 8번출구 앞,마포구,15,37.5571,126.924
415,DMC역 9번출구 앞,마포구,10,37.5775,126.897
136,대흥동 주민센터,마포구,7,37.556,126.942
186,월드컵공원,마포구,40,37.564,126.898
403,부엉이공원 앞,마포구,20,37.5856,126.885
183,하늘채코오롱아파트 건너편,마포구,15,37.5652,126.919
181,망원초록길 입구,마포구,15,37.5513,126.903
414,상암동주민센터 옆,마포구,8,37.5782,126.894
112,극동방송국 앞,마포구,10,37.5492,126.923
422,문화비축기지,마포구,13,37.5691,126.894
102,망원역 1번출구 앞,마포구,20,37.5556,126.911
155,가좌역1 번출구 뒤,마포구,15,37.5686,126.915
106,합정역 7번출구 앞,마포구,10,37.5486,126.913
407,마포구 육아종합지원센터,마포구,8,37.5806,126.884
119,서강나루 공원,마포구,10,37.5453,126.931
122,신성기사식당 앞,마포구,10,37.5472,126.939
150,서강대역 2번출구 앞,마포구,15,37.553,126.934
105,합정역 5번출구 앞,마포구,5,37.55,126.915
425,DMC첨단산업센터,마포구,10,37.5845,126.886
416,상암월드컵파크 1단지 교차로,마포구,12,37.5757,126.894
400,상암한화오벨리스크 1차 앞,마포구,15,37.5875,126.883
146,마포역 2번출구 뒤,마포구,12,37.5399,126.946
409,누리꿈스퀘어 옆,마포구,25,37.5794,126.889
1687,서울월드컵경기장 테스트,마포구,10,37.5687,126.896
143,공덕역 2번출구,마포구,9,37.5446,126.95
427,성산시영아파트,마포구,10,37.5696,126.904
420,서울시 공공자전거 상암센터,마포구,40,37.5662,126.896
185,마포 신수공원 앞,마포구,15,37.5425,126.934
410,상암중학교 옆,마포구,10,37.5775,126.888
406,상암월드컵파크 7단지 앞,마포구,15,37.5813,126.881
182,망원2빗물펌프장 앞,마포구,10,37.5516,126.903
408,LG CNS앞,마포구,20,37.5808,126.887
120,신수동 사거리,마포구,5,37.5452,126.934
118,광흥창역 2번출구 앞,마포구,10,37.5477,126.932
157,애오개역 4번출구 앞,마포구,12,37.553,126.957
139,연세대 정문 건너편,서대문구,13,37.5598,126.934
131,증산2교,서대문구,23,37.5842,126.911
137,NH농협 신촌지점 앞,서대문구,10,37.5568,126.943
115,사루비아 빌딩 앞,서대문구,15,37.5589,126.927
198,충정2교,서대문구,15,37.5621,126.964
180,충정로역 7번출구 아래,서대문구,10,37.56,126.962
194,증산교 앞,서대문구,10,37.5773,126.903
173,서대문역 8번출구 앞,서대문구,8,37.5648,126.966
116,일진아이윌아파트 옆,서대문구,5,37.5645,126.927
192,연서어린이공원,서대문구,10,37.5722,126.923
171,임광빌딩 앞,서대문구,10,37.5647,126.967
3102,연희삼거리,서대문구,10,37.568,126.932
174,명지대학교 학생회관,서대문구,10,37.5806,126.923
177,북가좌 초등학교,서대문구,8,37.5777,126.91
167,연가초등학교 옆,서대문구,15,37.5795,126.917
3107,연희초등학교 앞,서대문구,7,37.5697,126.933
164,북가좌1동 주민센터,서대문구,10,37.5745,126.91
3100,북성초교,서대문구,8,37.5574,126.952
132,창천문화공원,서대문구,15,37.5568,126.936
162,봉원고가차도 밑,서대문구,15,37.5653,126.946
3103,홍제삼거리 북측,서대문구,8,37.5867,126.947
159,이대역 4번 출구,서대문구,7,37.557,126.946
135,명물길 원형무대 앞,서대문구,10,37.5591,126.939
138,신촌동 제1공영주차장 앞,서대문구,10,37.5592,126.935
196,연희교차로 인근,서대문구,10,37.5661,126.926
179,가좌역 4번출구 앞,서대문구,15,37.5691,126.915
133,해담는다리,서대문구,15,37.582,126.909
140,이화여대 후문,서대문구,20,37.56,126.941
191,정명학원,서대문구,10,37.5789,126.911
170,가재울 뉴타운 주유소 옆,서대문구,10,37.5731,126.922
166,가재울 초등학교,서대문구,20,37.5733,126.92
163,명지전문대학교 정문 앞,서대문구,7,37.5837,126.925
3105,홍은센트레빌 아파트 앞,서대문구,12,37.5971,126.939
161,무악재역1번 출구,서대문구,8,37.5822,126.951
158,독립문 어린이 공원,서대문구,15,37.5713,126.96
128,신촌역(2호선) 1번출구 옆,서대문구,20,37.5555,126.936
134,연세로 명물길,서대문구,8,37.5579,126.938
141,연대 대운동장 옆,서대문구,20,37.5624,126.933
195,모래내고가차도,서대문구,10,37.5677,126.918
175,홍연2교옆,서대문구,20,37.5781,126.931
110,사천교,서대문구,20,37.5682,126.918
178,증산3교 앞,서대문구,10,37.5799,126.906
172,서대문소방서,서대문구,8,37.5733,126.936
176,명지대학교 도서관,서대문구,10,37.5811,126.924
188,홍은동 정원여중 입구,서대문구,10,37.5864,126.935
169,북가좌 삼거리,서대문구,15,37.573,126.908
165,중앙근린공원,서대문구,20,37.5751,126.914
3101,서대문구청,서대문구,15,37.5784,126.936
123,문화촌 공원,서대문구,20,37.5943,126.947
3104,e편한세상 신촌4단지 앞,서대문구,13,37.5581,126.956
160,북아현동 가구거리,서대문구,20,37.5575,126.959
2243,울가정법원,서초구,15,37.4815,127.037
2284,CJ오쇼핑앞,서초구,10,37.4681,126.987
2506,LG유플러스 (방배사옥),서초구,10,37.4791,126.991
2239,대역 6번출구,서초구,10,37.4942,127.014
2282,방배래미안아트힐 101동앞,서초구,15,37.4772,127.006
2503,반포1동 서초빌딩 앞,서초구,10,37.5038,127.021
2509,KT반포지사,서초구,16,37.4984,126.992
2215,반포종합운동장 입구,서초구,10,37.5017,126.995
2279,교대역 5번출구뒤,서초구,10,37.4936,127.014
2277,길마중4교 하부,서초구,10,37.5149,127.015
2298,래미안서초스위트앞,서초구,12,37.5024,127.022
2233,서초신동아1차아파트 옆,서초구,20,37.4911,127.023
2203,청계산입구역 2번출구,서초구,20,37.4477,127.055
2274,양재시민의숲역 3번출구,서초구,10,37.4697,127.04
2252,하이브랜드 앞,서초구,25,37.4633,127.036
2271,내방역 8번출구 앞,서초구,8,37.4879,126.994
2227,배열린문화센터 앞,서초구,15,37.4891,126.993
2293,SPC 앞,서초구,10,37.4848,127.037
2268,서초4동주민센터,서초구,10,37.5023,127.022
2223,방배래미안 정문 앞,서초구,20,37.4726,126.983
2259,잠원역 3번-4번 출구사이,서초구,15,37.513,127.011
2250,서초유치원 맞은편,서초구,10,37.4558,127.016
2220,반포본동 주민센터 앞,서초구,10,37.5006,126.986
2263,바우뫼문화복지회관,서초구,20,37.4719,127.027
2214,신반포역 2번출구 앞,서초구,15,37.5041,126.997
2258,룡사 삼거리,서초구,20,37.4715,127.051
2210,반포1동 주민센터 앞,서초구,15,37.5051,127.013
2255,민의숲역 1번출구 옆,서초구,25,37.4704,127.039
2202,계산입구역 1번출구,서초구,20,37.4489,127.054
2289,남태령역 2번출구,서초구,10,37.4643,126.989
2264,이수역 1번출구,서초구,9,37.4886,126.983
2286,탑성마을입구,서초구,10,37.4585,127.056
2242,재역 11번 출구 앞,서초구,20,37.484,127.034
2505,우성아파트사거리 (기업은행앞),서초구,12,37.4933,127.03
2237,울남부터미널 대합실 입구,서초구,20,37.4846,127.015
2281,연세사랑병원신관앞,서초구,7,37.476,126.986
2502,서초역1번출구 앞,서초구,9,37.492,127.009
2508,양재이스타빌 앞,서초구,10,37.483,127.042
2211,서초구립반포도서관 앞,서초구,10,37.5026,127.012
2276,영동1교 (양재천근린공원),서초구,15,37.4744,127.039
2297,남부터미널역 1번출구,서초구,10,37.4857,127.016
2231,삼성타운(삼성생명) A동 맞은편,서초구,15,37.4969,127.025
2273,일동제약 사거리,서초구,10,37.4778,127.038
2229,고스교회 맞은 편,서초구,10,37.487,126.985
2270,서초포레스타 7단지,서초구,10,37.449,127.058
2226,신동아럭스빌아파트 앞,서초구,15,37.4752,127.001
2222,당역 12번출구 뒤,서초구,10,37.4781,126.982
2249,우솔초등학교 맞은편,서초구,10,37.4562,127.019
2219,"고속터미널역 8-1번, 8-2번 출구 사이",서초구,20,37.5062,127.004
2213,고속터미널역 5번출구 앞,서초구,20,37.5022,127.002
2257,하나로클럽 양재점 맞은편,서초구,10,37.4627,127.046
2206,언남초등학교 앞,서초구,20,37.4544,127.062
2247,들근린공원,서초구,25,37.4626,127.027
2201,본마을 정류소 앞,서초구,20,37.4533,127.051
2288,안골마을입구,서초구,10,37.4556,127.064
2244,육개발원입구 교차로,서초구,20,37.4779,127.039
2285,LH서초3단지 301동 맞은편,서초구,15,37.4574,127.023
2241,재전화국 사거리,서초구,10,37.4854,127.042
2283,그룹한빌딩옆,서초구,10,37.4865,126.989
2504,신사역 4번출구 뒤,서초구,10,37.5159,127.019
2248,서초리슈빌S 글로벌 앞,서초구,10,37.46,127.025
2280,서울서초고용센터앞,서초구,10,37.4842,127.011
2501,서초 포레스타5단지,서초구,10,37.4507,127.057
2299,한전아트센터 앞,서초구,12,37.4865,127.028
2235,T 서초지사 앞,서초구,15,37.4822,127.003
2207,내곡파출소 뒤 정자,서초구,9,37.4544,127.065
2275,염곡치안센터 건너편,서초구,10,37.4616,127.049
2230,수역 4번 출구,서초구,20,37.4858,126.983
2272,교대입구 교차로,서초구,10,37.4873,127.011
2246,서울시 품질시험소 앞,서초구,15,37.4692,127.029
2228,벌공원 옆,서초구,20,37.4896,126.987
2294,두상빌딩 앞,서초구,15,37.4759,127.046
2269,주홍교 하부,서초구,10,37.5103,127.016
2225,석예술대학교 제3캠퍼스 앞,서초구,15,37.4738,126.995
2251,더케이호텔 입구(양재2),서초구,10,37.4675,127.034
2292,무지개아파트 앞,서초구,15,37.4882,127.027
2265,이수고가차도 남단,서초구,25,37.4941,126.983
2266,서초역 3번출구,서초구,15,37.4905,127.008
2221,나은행 방배동지점 앞,서초구,15,37.4856,126.995
2217,크로리버뷰 부지 앞,서초구,20,37.513,127.006
2262,한신16차아파트 119동 앞,서초구,20,37.5166,127.01
2212,초현대4차아파트 201동 맞은편,서초구,20,37.501,127.018
2256,재동 꽃시장 입구,서초구,10,37.4677,127.04
2205,내곡3단지 어린이공원 앞,서초구,15,37.4538,127.059
2290,서래마을파리15구공원앞,서초구,10,37.4994,126.999
2245,재초등학교 맞은편,서초구,20,37.4736,127.031
2287,능안마을입구,서초구,10,37.4556,127.067
563,성동세무서 건너편,성동구,10,37.5479,127.063
525,한양대병원사거리,성동구,20,37.5581,127.04
560,비전교회 앞,성동구,8,37.5512,127.069
523,옥수동성당 옆,성동구,11,37.5437,127.014
558,성동광진 교육지원청 앞,성동구,20,37.5646,127.037
509,이마트 버스정류소 옆,성동구,20,37.5397,127.053
520,상왕십리역 4번 출구 앞,성동구,10,37.5639,127.03
506,금호 어울림 아파트 앞,성동구,7,37.5491,127.058
3513,상왕십리역 1번출구,성동구,10,37.5646,127.029
3531,논골사거리(금호도서관 입구),성동구,15,37.5548,127.025
585,성수2가1동 공영주차장 인근,성동구,9,37.5368,127.055
587,KEB하나은행 성수중앙지점,성동구,10,37.5454,127.053
582,경일중학교 앞,성동구,10,37.5432,127.049
550,서울시설공단 앞,성동구,15,37.5716,127.036
579,마장역 4번출구,성동구,8,37.5652,127.042
537,한양대후문역 부근,성동구,10,37.5604,127.041
589,성수역3번출구,성동구,8,37.5442,127.057
534,금호사거리,성동구,20,37.5486,127.026
565,옥수역 3번출구,성동구,20,37.5414,127.018
510,서울숲 남문 버스정류소 옆,성동구,10,37.5412,127.044
529,장한평역 8번 출구 앞,성동구,15,37.5614,127.064
562,군자지하보도 앞,성동구,10,37.5592,127.073
524,래미안금호하이리버 아파트 102동 옆,성동구,10,37.5522,127.025
559,왕십리역 4번 출구 건너편,성동구,10,37.5611,127.037
522,금호역 1번출구 앞,성동구,9,37.5486,127.016
3519,용답역 1번 출구,성동구,10,37.5626,127.051
557,도선동 주민센터 앞,성동구,10,37.5676,127.026
519,양지사거리,성동구,20,37.567,127.03
3515,서울숲 관리사무소,성동구,20,37.5428,127.042
3511,응봉역 1번출구,성동구,10,37.5513,127.035
3530,왕십리자이아파트 후문(삼거리),성동구,15,37.5601,127.026
581,용답초등학교,성동구,13,37.561,127.054
538,답십리역 8번출구 앞,성동구,15,37.5676,127.051
578,성동세무서 부근,성동구,8,37.5483,127.062
536,행당역 2번출구 앞,성동구,8,37.5574,127.029
507,성수아이에스비즈타워 앞,성동구,7,37.5482,127.057
568,청계8가사거리 부근,성동구,10,37.5711,127.024
533,우리은행 금호동 지점 앞,성동구,7,37.5481,127.021
564,금호역 3번출구,성동구,15,37.5479,127.016
526,용답토속공원 앞,성동구,10,37.5635,127.057
3538,서울숲 IT캐슬,성동구,14,37.5509,127.045
561,서울숲역 2번출구 앞,성동구,10,37.5428,127.045
521,왕십리역 11번 출구 앞,성동구,14,37.5614,127.035
556,달맞이공원,성동구,20,37.5421,127.02
518,청계천 박물관 앞,성동구,20,37.5715,127.035
3514,왕십리교회옆,성동구,10,37.5663,127.024
3532,왕십리KCC스위첸아파트,성동구,15,37.5607,127.027
512,뚝섬역 1번 출구 옆,성동구,15,37.5486,127.045
508,성수아카데미타워 앞,성동구,10,37.5452,127.058
586,마장동 주민센터,성동구,10,37.5659,127.045
514,성수사거리 버스정류장 앞,성동구,7,37.5426,127.063
583,청계천 생태교실 앞,성동구,20,37.568,127.047
580,신금호역 3번출구 뒤,성동구,6,37.5545,127.02
511,서울숲역 4번 출구 옆,성동구,16,37.5446,127.045
3527,왕십리 자이아파트,성동구,8,37.5618,127.024
569,응봉현대아파트 정류소,성동구,10,37.5496,127.03
535,응봉삼거리,성동구,16,37.554,127.034
513,뚝섬역 5번 출구 정류소 옆,성동구,13,37.5463,127.05
3525,금호스포츠센터앞,성동구,15,37.5461,127.025
567,성수역 2번출구 앞,성동구,15,37.5446,127.057
530,청계벽산아파트 앞,성동구,9,37.5687,127.03
594,중랑물재생센터(서울새활용플라자),성동구,15,37.5584,127.057
1344,아리랑시네센터 앞,성북구,10,37.6003,127.014
1325,상월곡역 4번출구,성북구,10,37.6058,127.048
1340,광운초등학교 앞,성북구,8,37.6196,127.054
1302,한성대입구역6번출구 뒤,성북구,5,37.5888,127.006
1337,돈암성당 옆,성북구,10,37.5904,127.017
1318,길음역 3번출구 뒤,성북구,10,37.6031,127.025
1315,고려사대부속중고 정문,성북구,10,37.6078,127.003
1306,한성대입구역2번출구,성북구,10,37.5884,127.007
1368,성신여대입구 교차로,성북구,10,37.5915,127.02
1353,금호어울림센터힐 내,성북구,8,37.6008,127.024
1366,일신초등학교 옆,성북구,10,37.5997,127.04
1360,정릉역,성북구,10,37.6031,127.014
1373,성북구보건소 건너편,성북구,8,37.6023,127.039
1349,월계2교 버스정류장 앞,성북구,10,37.6238,127.05
1363,보문4교 인근,성북구,15,37.5838,127.022
1357,북한산보국문역,성북구,20,37.6121,127.008
1369,미아사거리,성북구,15,37.6091,127.03
1346,길음8골어린이공원 옆,성북구,15,37.609,127.02
1343,한성대7번출구 앞,성북구,10,37.5892,127.007
1308,안암로터리 버스정류장 앞,성북구,18,37.5826,127.029
1339,삼성전자서비스 성북센터,성북구,9,37.6106,127.034
1336,성북3교 위,성북구,20,37.5913,127.014
1322,래미안라센트아파트 103동 앞,성북구,10,37.5981,127.039
1316,고려사대부속중고 건너편,성북구,20,37.6073,127.003
1321,국민은행 종암동지점 앞,성북구,15,37.5933,127.037
1313,정릉교회 앞,성북구,10,37.6032,127.014
1305,성북구청,성북구,15,37.5893,127.016
1352,e 편한세상 보문아파트 내,성북구,8,37.5839,127.017
1333,석관초등학교 앞,성북구,15,37.6105,127.06
1365,선잠단지 앞,성북구,15,37.5934,126.999
1359,장위뉴타운 꿈에 숲 코오롱 하늘채 앞,성북구,20,37.6198,127.045
1354,고려대학교 2번출구,성북구,10,37.5907,127.036
1372,KEB은행 고대점,성북구,15,37.5866,127.032
1355,보문2교,성북구,20,37.5887,127.019
1348,성북제일새마을금고 본점 앞,성북구,12,37.6048,127.023
1362,보문역6번출구 앞,성북구,10,37.5851,127.02
1326,상월곡역 1번출구,성북구,10,37.6061,127.047
1342,성북쉼터 앞,성북구,15,37.5926,126.998
1303,돈암초교 입구,성북구,10,37.5917,127.012
1304,만해공원,성북구,15,37.5944,126.992
1338,용문2교 옆,성북구,15,37.5869,127.021
1323,월곡역 입구 육교 밑,성북구,10,37.6004,127.04
1319,종암사거리 분수대,성북구,10,37.603,127.033
1320,LG베스트샵 종암점,성북구,10,37.5993,127.035
1314,정릉꿈에그린1단지 201동 앞,성북구,8,37.6024,127.012
1328,월곡역 3번출구,성북구,10,37.6026,127.042
1317,정릉동 교통광장,성북구,10,37.6128,127.007
1361,홍익중고 입구,성북구,13,37.5928,127.002
1334,석관동주민센터 앞,성북구,10,37.613,127.061
1367,길음문화복합미디어센터,성북구,15,37.6035,127.023
1351,안암2교 옆,성북구,8,37.5794,127.024
1332,석계역 5번출구 건너편,성북구,10,37.6136,127.066
1364,성북동 치안센터 앞,성북구,10,37.5902,127.004
1358,정릉도서관 앞,성북구,7,37.6048,127.011
1370,복자사랑 피정의 집,성북구,20,37.5945,126.995
1347,길음래미안아파트817동 상가 앞,성북구,20,37.6071,127.021
1327,상월곡역 3번출구,성북구,10,37.6073,127.051
1280,송파파크데일 2단지입구 앞 주차장,송파구,20,37.4957,127.157
1221,삼전사거리 포스코더샵,송파구,10,37.5042,127.088
1203,밀리아나2빌딩 앞,송파구,20,37.4937,127.121
1206,"9호선종합운동장역 9번출구",송파구,20,37.5113,127.078
2607,복정역 2번출구 후문 (장지치안센터),송파구,15,37.4706,127.127
2603,송파 글마루 도서관,송파구,10,37.4808,127.13
1204,거여역 3번출구,송파구,10,37.4933,127.145
1230,송파중학교 정문,송파구,10,37.4957,127.131
1277,오금동 송파 참병원,송파구,8,37.5038,127.137
1300,오륜사거리,송파구,15,37.5069,127.139
1226,잠실4동 주민센터 옆,송파구,10,37.5201,127.112
1296,석촌호수교차로 (송파나루근린공원 앞),송파구,10,37.5087,127.103
1291,서울체육고등학교 앞,송파구,10,37.5219,127.132
1269,리센츠아파트,송파구,10,37.5119,127.091
1266,문정동 글샘 공원,송파구,10,37.4788,127.12
1232,롯데마트 주차장 옆,송파구,10,37.5121,127.096
1263,장지공영차고지,송파구,10,37.4805,127.137
1247,문정 법조단지11,송파구,15,37.4788,127.124
1212,송파역 2번 출구앞,송파구,10,37.4994,127.113
2608,송파구청,송파구,10,37.5144,127.106
1260,방이동 한양3차아파트 옆,송파구,8,37.5063,127.121
1224,아시아지하보도 2번 출구,송파구,15,37.5122,127.079
1287,위례아이파크 101동 맞은편,송파구,8,37.4775,127.142
1257,가락시장역 롯데마트앞,송파구,20,37.4921,127.118
1217,송파파인타운 7단지,송파구,15,37.4793,127.13
1244,문정 법조단지8,송파구,7,37.4815,127.122
1283,오금공원 사거리,송파구,8,37.5055,127.132
1211,방이삼거리,송파구,7,37.5121,127.108
1209,잠실나루역 (2번 출구 쪽),송파구,20,37.5205,127.104
1241,문정 법조단지5,송파구,15,37.4812,127.12
1279,마천금호어울림 1차아파트 건너편,송파구,10,37.4975,127.155
1205,종합운동장역 4번출구,송파구,15,37.5104,127.071
2606,위례동주민센터 맞은편 근린공원,송파구,10,37.4817,127.143
2601,석촌호수 서호사거리,송파구,10,37.5067,127.099
1228,마천사거리,송파구,10,37.4977,127.146
1299,송파소방서 (방이119안전센터),송파구,15,37.5199,127.137
1218,방이역 4번출구,송파구,12,37.509,127.126
1295,잠실역 8번출구,송파구,20,37.514,127.1
1275,거여초등학교 옆,송파구,15,37.5046,127.139
1274,영파여고 앞,송파구,20,37.5328,127.121
1268,몽촌토성역 1번출구 옆,송파구,15,37.5173,127.114
1235,잠실트리지움310동 옆,송파구,15,37.5083,127.088
1265,문정동 근린공원,송파구,10,37.486,127.125
1249,아주중학교건너편,송파구,10,37.5055,127.077
1231,잠실역 6번출구,송파구,10,37.5141,127.099
1289,풍납동 자전거보관소,송파구,10,37.5315,127.111
1262,송파여성문화회관 앞,송파구,10,37.5058,127.11
1201,가락시장역 3번 출구,송파구,10,37.4932,127.119
1259,방이역 1번출구,송파구,15,37.509,127.127
1222,잠실새내역 5번 출구 뒤,송파구,15,37.512,127.085
1246,문정 법조단지10,송파구,30,37.4775,127.126
1286,위례중앙푸르지오 1단지 앞,송파구,10,37.4744,127.141
1253,오금역 3번 출구 뒤,송파구,10,37.5017,127.128
1215,올림픽공원역 1번출구 앞,송파구,15,37.5166,127.132
1243,문정 법조단지7,송파구,20,37.4845,127.12
1282,송파소방서 맞은편(성내4교),송파구,10,37.4999,127.141
1207,마천CU우방점 앞,송파구,10,37.4998,127.153
1208,풍납현대아파트쉼터,송파구,20,37.5297,127.12
1240,문정 법조단지4,송파구,10,37.4806,127.119
2604,삼표레미콘 앞,송파구,10,37.5313,127.111
1239,문정 법조단지3,송파구,20,37.4808,127.118
1278,송파구청 교차로,송파구,10,37.5158,127.107
2605,복정역 1번 출구 앞,송파구,15,37.4713,127.127
1227,거여역 8번출구 뒤,송파구,10,37.4931,127.144
1297,석촌호수교차로(동호 팔각정 앞),송파구,10,37.5092,127.104
2617,가락삼환아파트 앞,송파구,15,37.4962,127.138
1210,롯데월드타워(잠실역2번출구 쪽),송파구,30,37.5131,127.101
1293,석촌호교차로 (스타벅스 앞),송파구,10,37.5066,127.097
1250,정2동 주민센터,송파구,10,37.49,127.111
1290,위례송파꿈에그린아파트24단지 앞 성벽 다리 밑,송파구,10,37.4747,127.138
1267,올림픽공원 남2문 앞,송파구,15,37.5142,127.123
1233,잠실3거리(갤러리아팰리스),송파구,9,37.5105,127.093
1264,천호역 10번 출구 앞,송파구,8,37.5386,127.123
1248,방이초등학교,송파구,20,37.514,127.122
1229,송파체육문화회관 앞,송파구,15,37.4907,127.143
1288,문정중교 사거리,송파구,15,37.488,127.131
1258,가락미륭아파트 앞,송파구,10,37.4932,127.129
1220,잠실본동주민센터뒤 잠실근린공원,송파구,15,37.5057,127.084
1245,문정 법조단지9,송파구,10,37.4795,127.125
1285,위례별 유치원 뒤,송파구,15,37.4775,127.145
1251,석촌역 2번출구,송파구,10,37.5059,127.108
1214,오금역 7번 출구 인근,송파구,10,37.5026,127.128
1213,백토공원 앞,송파구,20,37.5077,127.133
1242,문정 법조단지6,송파구,15,37.4821,127.12
725,양강중학교앞 교차로,양천구,15,37.5243,126.851
731,서울시 도로환경관리센터,양천구,10,37.5299,126.877
722,LG전자베스트샵 신정점,양천구,10,37.5214,126.857
713,양서중학교 옆,양천구,20,37.533,126.83
760,잣절보도육교 아래,양천구,10,37.5068,126.844
711,신일해피트리아파트 앞,양천구,20,37.5171,126.848
708,서울출입국관리사무소 앞,양천구,16,37.519,126.87
745,강서초등학교,양천구,10,37.5223,126.84
756,목동주차장,양천구,10,37.5267,126.876
704,남부법원검찰청 교차로,양천구,15,37.5233,126.865
742,등촌역 5번 출구 뒤,양천구,10,37.5507,126.865
739,신월사거리,양천구,15,37.5362,126.828
736,오솔길공원,양천구,10,37.5222,126.837
720,서울강월초등학교 앞,양천구,10,37.5162,126.835
733,신정이펜하우스314동,양천구,10,37.5141,126.831
724,계남공원 입구 주출입구 좌측,양천구,15,37.5107,126.857
716,정6동 주민센터 인근,양천구,15,37.5173,126.864
729,서부식자재마트 건너편,양천구,10,37.5104,126.867
752,성원2차 아파트,양천구,10,37.5422,126.863
764,목동청소년수련관,양천구,30,37.531,126.876
750,연의근린공원 건너편,양천구,10,37.5122,126.836
759,보아스아파트 앞,양천구,10,37.5241,126.839
710,서부화물트럭터미널 사거리,양천구,12,37.5107,126.843
747,목동3단지 상가,양천구,10,37.5346,126.876
758,한사랑교회 앞,양천구,10,37.5147,126.859
707,신정3동주민센터,양천구,10,37.5152,126.855
744,신목동역 2번 출구,양천구,10,37.5438,126.883
755,목동1단지아파트 상가 앞 (월촌중학교 버스정류소 옆),양천구,10,37.5379,126.881
703,오목교역 7번출구 앞,양천구,12,37.5241,126.876
741,화곡로 입구 교차로,양천구,10,37.5395,126.825
749,이대 목동병원 앞,양천구,10,37.5372,126.887
701,목동사거리 부근,양천구,8,37.5328,126.864
735,영도초등학교,양천구,10,37.5364,126.872
726,목동3단지 시내버스정류장,양천구,15,37.5344,126.87
719,홍익병원앞 교차로,양천구,10,37.5304,126.864
732,신월동 이마트,양천구,10,37.5396,126.828
723,SBS방송국,양천구,15,37.5292,126.873
714,한국SGI 양천문화회관 앞,양천구,10,37.5325,126.831
763,목동11단지 아파트,양천구,10,37.5113,126.859
712,강월초교입구 사거리,양천구,14,37.517,126.838
709,신정3동 현장민원실 앞,양천구,20,37.5116,126.842
746,목동2단지 상가,양천구,10,37.5365,126.878
757,신정이펜하우스 1단지아파트 입구 사거리,양천구,10,37.5143,126.829
706,신정네거리역,양천구,15,37.5219,126.852
743,현대6차아파트 101동 옆,양천구,10,37.5089,126.843
754,목동1단지아파트 118동 앞 (월촌초등학교 정류소 옆),양천구,10,37.5411,126.877
702,목4동주민센터 옆,양천구,16,37.5325,126.869
740,으뜸공원,양천구,10,37.5364,126.832
700,KB국민은행 염창역 지점 앞,양천구,20,37.5468,126.873
737,장수공원,양천구,10,37.5226,126.849
734,신트리공원 입구,양천구,10,37.514,126.856
253,신풍역 5번출구 인근,영등포구,10,37.5006,126.91
271,샛강생태공원방문자센터 앞,영등포구,10,37.519,126.922
206,KBS 앞,영등포구,35,37.5247,126.918
220,미성아파트 A동 앞,영등포구,30,37.5194,126.926
267,삼성화재 사옥 옆,영등포구,10,37.536,126.898
249,여의도중학교 옆,영등포구,8,37.5241,126.937
207,여의나루역 1번출구 앞,영등포구,40,37.527,126.932
286,우성아파트 교차로,영등포구,8,37.4946,126.9
265,영등포유통상가 사거리,영등포구,15,37.5211,126.897
245,삼성생명 당산사옥 앞,영등포구,10,37.5283,126.897
262,영문초등학교 사거리,영등포구,12,37.5199,126.889
242,신길선원가와인아파트 앞,영등포구,15,37.5109,126.91
205,산업은행 앞,영등포구,20,37.5263,126.921
239,유스호스텔 앞,영등포구,20,37.5259,126.903
213,KT앞,영등포구,15,37.5219,126.919
282,신한은행,영등포구,10,37.4875,126.905
223,진주아파트상가 앞,영등포구,20,37.5193,126.933
236,문래동자이아파트 앞,영등포구,10,37.5162,126.895
292,영일 어린이공원,영등포구,10,37.5101,126.904
216,삼부아파트1동 앞,영등포구,10,37.5235,126.933
280,양평동6차현대아파트 앞,영등포구,10,37.5321,126.894
233,YP 센터 앞,영등포구,10,37.5285,126.892
289,대림3동사거리,영등포구,10,37.4998,126.898
276,SK 영등포주유소,영등포구,10,37.5183,126.913
222,시범아파트버스정류장 옆,영등포구,12,37.5203,126.939
212,여의도역 1번출구 옆,영등포구,35,37.5214,126.923
274,영등포역지하쇼핑센타 5번출구,영등포구,10,37.5167,126.908
227,양평2나들목 보행통로 입구,영등포구,10,37.5447,126.888
259,대방역6번출구,영등포구,17,37.5136,126.926
256,동아에코빌입구,영등포구,10,37.5095,126.899
252,보라매역4번출구,영등포구,10,37.5,126.92
224,롯데캐슬 앞,영등포구,20,37.5201,126.932
270,증권거래소후문교차로,영등포구,10,37.5223,126.927
251,서울지방병무청 버스정류장,영등포구,10,37.5045,126.922
266,영등포청과시장 사거리,영등포구,10,37.5203,126.901
248,초원아파트 앞,영등포구,10,37.5311,126.924
285,대림3동사거리(하나은행),영등포구,8,37.4999,126.897
264,교보생명보험 앞,영등포구,15,37.5219,126.892
244,영등포삼환아파트 앞,영등포구,20,37.5301,126.906
217,NH농협은행 앞,영등포구,10,37.5221,126.93
283,아크로타워 스퀘어(영등포시장),영등포구,15,37.5225,126.907
210,IFC몰,영등포구,21,37.5261,126.926
260,여의도 마리나선착장 앞,영등포구,15,37.5338,126.912
241,신길우성1차아파트 앞 공원,영등포구,10,37.5053,126.898
219,롯데캐슬엠파이어 옆,영등포구,12,37.5207,126.926
238,제2구민체육센타 앞,영등포구,10,37.5264,126.903
281,신동아아파트 앞,영등포구,8,37.4982,126.894
235,신길동 우리은행 옆,영등포구,10,37.5046,126.91
278,쌍용플레티넘오피스텔,영등포구,10,37.5079,126.895
209,유진투자증권빌딩 앞,영등포구,12,37.5246,126.928
232,양평우림 이비즈센타 앞,영등포구,20,37.5257,126.888
279,영등포 푸르지오 아파트,영등포구,15,37.5132,126.904
275,신동아아파트,영등포구,10,37.5228,126.886
229,양평1 보행육교 앞,영등포구,20,37.5359,126.892
215,여의도고교 앞,영등포구,10,37.5248,126.935
258,신길역3번출구,영등포구,14,37.5177,126.914
255,도림4거리,영등포구,10,37.5066,126.901
221,여의도초교 앞,영등포구,10,37.5227,126.938
204,국회의사당역 5번출구 옆,영등포구,13,37.5282,126.917
211,여의도역 4번출구 옆,영등포구,13,37.5222,126.925
272,당산육갑문,영등포구,20,37.5353,126.904
268,그랜드컨벤션센터 앞,영등포구,10,37.5347,126.9
250,대림아파트 사거리,영등포구,10,37.5076,126.923
214,금융감독원 앞,영등포구,20,37.523,126.921
201,진미파라곤 앞,영등포구,15,37.5312,126.921
287,영등포전화국사거리 (서강어린이공원),영등포구,10,37.5258,126.906
247,당산역 10번출구 앞,영등포구,19,37.5337,126.902
284,센트럴 푸르지오 시티 앞,영등포구,12,37.5182,126.902
263,근로자회관 사거리,영등포구,12,37.5172,126.889
243,이앤씨드림타워 앞,영등포구,15,37.5271,126.891
230,영등포구청역 1번출구,영등포구,10,37.5246,126.896
240,문래역 4번출구 앞,영등포구,10,37.5187,126.896
200,국회의원회관,영등포구,20,37.5287,126.915
226,샛강역 1번출구 앞,영등포구,20,37.5178,126.928
234,영등포구민체육센터 앞,영등포구,10,37.5005,126.906
291,문래동 하이테크 시티,영등포구,14,37.5139,126.899
277,영등포뉴타운지하상가 2번게이트,영등포구,10,37.5201,126.905
231,남부고용노동지청 남측,영등포구,10,37.5245,126.892
203,국회의사당역 3번출구 옆,영등포구,15,37.5281,126.919
228,선유도역 3번출구 앞,영등포구,10,37.5385,126.895
225,앙카라공원 앞,영등포구,26,37.5174,126.929
218,증권거래소 앞,영등포구,20,37.5233,126.929
257,신길삼거리(우리은행),영등포구,10,37.5138,126.919
202,국민일보 앞,영등포구,30,37.5288,126.925
836,현대자동차서비스 앞,용산구,15,37.5314,126.951
811,녹사평역1번출구,용산구,20,37.5351,126.985
841,신용산역 1번 출구,용산구,15,37.5296,126.969
806,전자랜드 본관 앞,용산구,20,37.5331,126.961
802,한강진역 2번 출구 앞,용산구,10,37.5412,127.002
830,청암자이아파트앞,용산구,10,37.5344,126.949
827,국군복지단,용산구,20,37.5419,126.98
822,이촌1동 마을공원,용산구,10,37.522,126.966
818,숙명여대 입구 교차로,용산구,15,37.5449,126.969
813,삼각지역 3번출구,용산구,20,37.5335,126.972
835,남영역 건너편,용산구,10,37.542,126.972
838,숙대입구역 4번출구,용산구,8,37.5445,126.972
810,이태원지하보도,용산구,10,37.5384,126.987
832,이촌1동 주민센터 뒤,용산구,15,37.5213,126.973
840,용산 파크타워 앞,용산구,10,37.5237,126.97
808,서빙고동 금호맨션 앞,용산구,10,37.5205,126.99
805,문배어린이공원 앞,용산구,9,37.5368,126.97
800,목월공원 앞,용산구,15,37.5324,126.955
829,베르가모앞,용산구,40,37.5229,126.962
825,서빙고동 주민센터 앞,용산구,15,37.5203,126.994
820,청파동입구 교차로,용산구,10,37.549,126.972
817,삼각지역 4번출구 앞,용산구,9,37.5335,126.972
837,한남나들목 입구,용산구,10,37.5291,127.007
812,용산전쟁기념관,용산구,20,37.5348,126.978
834,효창공원앞역 3번출구 뒤,용산구,15,37.539,126.961
844,이촌2동 동원베네스트 아파트 앞,용산구,11,37.5271,126.955
809,한남 유수지 복개주차장,용산구,10,37.5302,127.007
807,서울역 12번 출구 앞,용산구,10,37.5523,126.973
803,한남초교 앞 보도육교,용산구,10,37.5381,127.004
845,용산 선인상가,용산구,22,37.5327,126.964
831,이태원관광특구입구,용산구,15,37.5343,126.989
828,숙대입구역 8번,용산구,7,37.5441,126.972
826,서울역 서부교차로2,용산구,20,37.5554,126.969
823,효창동주민센터 앞,용산구,10,37.5423,126.962
819,선린인터넷 고등학교,용산구,12,37.5417,126.971
815,LIG강촌아파트 103동앞,용산구,20,37.5185,126.979
816,신용산역 6번출구 앞,용산구,15,37.5301,126.968
950,구산역 2번 출구,은평구,7,37.6108,126.917
917,녹번역 4번출구,은평구,9,37.6013,126.935
964,북한산힐스테이트 7차아파트,은평구,10,37.6161,126.925
913,이마트 은평점,은평구,15,37.6007,126.92
961,불광역 9번 출구,은평구,10,37.611,126.93
947,연신내 선일하이츠빌 정류소,은평구,10,37.6227,126.92
911,은평평화공원(역촌역4번출구),은평구,10,37.6056,126.923
906,연신내역 5번출구150M 아래,은평구,10,37.6172,126.92
941,은평뉴타운 도서관,은평구,13,37.6373,126.934
903,은평뉴타운 아이파크,은평구,20,37.6459,126.927
937,상림마을 롯데캐슬2단지 옆,은평구,15,37.6459,126.924
956,응암시장교차로,은평구,9,37.5944,126.918
901,응암1동사무소,은평구,10,37.601,126.927
931,역촌파출소,은평구,10,37.6047,126.915
927,연신내역 3번출구 인근,은평구,10,37.6179,126.923
924,메뚜기다리,은평구,15,37.6285,126.93
952,서울연신중학교,은평구,10,37.6227,126.925
921,신도고등학교,은평구,10,37.63,126.919
966,서울혁신파크1,은평구,10,37.609,126.935
916,평생학습관 앞,은평구,7,37.6078,126.921
963,대호프라자아파트,은평구,13,37.6144,126.933
949,연신내역 1번 출구,은평구,7,37.6198,126.921
912,응암오거리,은평구,10,37.5897,126.917
960,구파발역 환승센터,은평구,15,37.6383,126.919
946,독바위역,은평구,10,37.6184,126.933
909,백련산 힐스테이트 3차,은평구,10,37.587,126.923
958,신한은행 응암동 지점 앞,은평구,13,37.6004,126.923
943,은평구청 보건소,은평구,10,37.6024,126.929
905,구파발역 2번출구,은평구,11,37.6362,126.919
939,은평구청 교차로,은평구,15,37.6017,126.927
902,진관동 은빛초등학교,은평구,10,37.6431,126.918
935,역촌역 1번 출구,은평구,7,37.6052,126.922
954,은평뉴타운구파발9단지,은평구,10,37.6426,126.921
900,은평예술회관,은평구,20,37.6039,126.928
933,LG서비스 역촌점,은평구,10,37.6125,126.915
930,구 서부경찰서 건너편,은평구,7,37.6017,126.92
926,불광역 8번출구,은평구,8,37.6112,126.93
922,연신내역 4번출구,은평구,10,37.6178,126.922
968,은평뉴타운 상림마을 13단지,은평구,7,37.6421,126.929
951,연신내역 6번출구옆,은평구,15,37.6193,126.921
919,서울혁신파크,은평구,10,37.607,126.933
965,서울특별시 은평병원,은평구,10,37.5935,126.923
915,증산역 4번출구,은평구,10,37.5844,126.91
962,은평뉴타운 힐데스하임,은평구,10,37.6393,126.919
948,디지털미디어 시티역 4번출구,은평구,10,37.5772,126.902
959,구파발10단지 인근,은평구,10,37.6437,126.915
945,기자촌 사거리,은평구,10,37.6341,126.932
907,CJ 드림시티,은평구,10,37.5995,126.917
942,상림마을 생태공원,은평구,15,37.6441,126.929
904,은평뉴타운 푸르지오,은평구,18,37.6487,126.931
938,금암 문화공원,은평구,15,37.6447,126.918
934,신사동 성당,은평구,15,37.5971,126.91
932,예일여중,은평구,10,37.61,126.916
928,은평역사한옥박물관,은평구,15,37.6413,126.938
925,불광역 2번출구,은평구,8,37.6096,126.931
953,서울연신초등학교,은평구,10,37.6258,126.929
967,서울혁신파크2,은평구,13,37.6089,126.932
395,경희궁 자이 2단지,종로구,8,37.5689,126.965
362,청계8가 사거리,종로구,10,37.5722,127.023
328,탑골공원 앞,종로구,11,37.5704,126.988
358,성대입구 사거리,종로구,13,37.5825,126.999
339,종로4가 사거리,종로구,10,37.5711,126.998
349,사직동주민센터,종로구,7,37.5763,126.969
450,효자동 삼거리,종로구,20,37.5836,126.973
345,서울보증보험본사 앞,종로구,15,37.5733,127.001
306,광화문역 7번출구 앞,종로구,9,37.5708,126.976
454,종로2가 버스정류장 (종각방향),종로구,13,37.5704,126.986
449,일성아파트,종로구,10,37.6087,126.973
337,창경궁 입구,종로구,5,37.579,126.996
386,올림픽기념 국민생활관 앞,종로구,10,37.5902,126.999
344,성균관대 E하우스 앞,종로구,10,37.574,127.007
446,상명대입구,종로구,10,37.6001,126.958
369,광화문 시민열린마당,종로구,20,37.5755,126.979
340,혜화동 로터리,종로구,8,37.5856,127.001
315,신한은행 안국역지점 옆,종로구,9,37.576,126.983
364,창신역 1번출구 앞,종로구,8,37.5793,127.015
394,경희궁 자이 3단지,종로구,15,37.5675,126.966
361,동묘앞역 1번출구 뒤,종로구,10,37.5732,127.016
356,KT혜화지사 앞,종로구,15,37.5771,127.002
314,국립현대미술관,종로구,10,37.5797,126.981
461,서울지방경찰청,종로구,10,37.5744,126.972
342,대학로 마로니에공원,종로구,10,37.5798,127.003
397,종묘공영주차장 건너편,종로구,13,37.5705,126.997
458,광화문역 5번출구,종로구,11,37.5699,126.978
303,광화문역 1번출구 앞,종로구,8,37.5718,126.975
354,포르투갈 대사관 앞,종로구,10,37.5792,126.989
456,숭인2동 주민센터 입구 (이강3대냉면),종로구,10,37.5745,127.02
353,재동초교 앞 삼거리,종로구,8,37.5794,126.985
453,종로오가 지하쇼핑센터 14번출구,종로구,10,37.5711,127.001
341,혜화역 3번출구 뒤,종로구,10,37.5816,127.002
326,안국역 5번출구 앞,종로구,19,37.5762,126.986
352,중앙고입구 삼거리,종로구,15,37.5834,126.985
385,종각역 5번출구,종로구,10,37.5698,126.983
302,경복궁역 4번출구 뒤,종로구,12,37.5759,126.974
305,종로구청 옆,종로구,16,37.5726,126.978
329,청계2가 사거리 옆,종로구,8,37.5683,126.988
368,SK 서린빌딩 앞,종로구,12,37.5692,126.981
363,신설동역 11번출구 뒤,종로구,10,37.5758,127.023
308,광화문 S타워 앞,종로구,10,37.57,126.974
343,예일빌딩(율곡로) 앞,종로구,12,37.5754,127.005
393,동대문역 8번 출구,종로구,10,37.5701,127.009
359,원남동사거리,종로구,8,37.5761,126.998
301,경복궁역 7번출구 앞,종로구,16,37.5758,126.971
304,광화문역 2번출구 앞,종로구,7,37.5721,126.978
335,종로3가역 15번출구 앞,종로구,10,37.5702,126.991
307,서울역사박물관 앞,종로구,11,37.57,126.971
327,낙원상가 옆,종로구,10,37.5734,126.987
355,서울사대부속초교 앞,종로구,15,37.5765,127.002
451,청와대앞길,종로구,13,37.5835,126.98
334,종로3가역 2번출구 뒤,종로구,10,37.5706,126.992
457,종로꽃시장 입구 옆,종로구,10,37.5713,127.007
338,세운스퀘어 앞,종로구,18,37.571,126.997
455,삼익한의원,종로구,8,37.571,127.006
388,동성중학교 앞,종로구,10,37.5857,127.002
452,동대문 종합시장 버스정류장,종로구,13,37.5712,127.004
316,종각역 1번출구 앞,종로구,12,37.5704,126.982
351,청운초교 앞 삼거리,종로구,8,37.5851,126.971
447,신영동삼거리,종로구,10,37.604,126.962
309,광화문역 6번출구 옆,종로구,13,37.5699,126.976
348,독립문역 사거리,종로구,14,37.572,126.961
312,시청역 1번출구 뒤,중구,7,37.5647,126.977
318,광교사거리 남측,중구,10,37.5685,126.983
332,을지로2가 사거리 남측,중구,5,37.566,126.988
399,서울역 센트럴 자이아파트,중구,15,37.5545,126.966
346,맥스타일 앞,중구,10,37.5692,127.01
383,신당역 12번 출구 뒤,중구,17,37.5658,127.016
380,CJ제일제당 앞,중구,8,37.5639,127.003
313,서울역 광장 파출소 옆,중구,5,37.557,126.972
390,충무로역 1번출구,중구,10,37.5614,126.995
377,서울역 5번출구 앞,중구,10,37.5572,126.973
374,청구역 2번출구 앞,중구,10,37.5605,127.014
371,동대입구역 6번출구 뒤,중구,10,37.5589,127.006
322,명동성당 앞,중구,15,37.5645,126.987
430,KEB하나은행 장충동지점,중구,8,37.5622,127.006
311,서울광장 옆,중구,35,37.5666,126.977
398,을지로3가역 3번출구,중구,9,37.5666,126.992
320,을지로입구역 4번출구 앞,중구,20,37.5662,126.984
300,정동사거리,중구,7,37.5681,126.969
382,약수역 10번출구 앞,중구,7,37.5552,127.01
379,서울역9번출구,중구,7,37.556,126.973
310,청계광장 옆,중구,10,37.5689,126.977
391,정동길입구,중구,8,37.5654,126.973
389,을지로4가역 1번출구,중구,10,37.5667,126.997
330,청계천 한빛광장,중구,10,37.5682,126.985
375,다산 어린이공원,중구,8,37.5637,127.018
373,청구 어린이공원,중구,8,37.5559,127.014
370,시청역(2호선) 9번출구 뒤,중구,8,37.5632,126.975
336,티마크 호텔 앞,중구,10,37.5626,126.993
347,동대문역사문화공원역 9번출구 앞,중구,18,37.5653,127.008
431,청계천 영도교,중구,15,37.5709,127.02
429,송도병원,중구,8,37.5499,127.007
321,KEB 하나금융그룹 명동사옥 옆,중구,15,37.5655,126.984
324,신세계백화점 본점 앞,중구,10,37.5613,126.98
384,종로학원본원,중구,10,37.5598,126.969
381,장충체육관,중구,10,37.5585,127.007
378,청계7가 사거리,중구,10,37.5698,127.017
387,훈련원공원주차장 앞,중구,10,37.567,127.003
372,약수역 3번출구 뒤,중구,10,37.5543,127.011
1406,망우청소년수련관,중랑구,10,37.6063,127.108
1403,중화빌딩 앞 (동부시장),중랑구,15,37.5942,127.077
1448,코스트코 상봉점,중랑구,15,37.5973,127.09
1438,홈플러스 신내점 앞,중랑구,15,37.6162,127.093
1445,용마지구대,중랑구,10,37.5799,127.079
1451,중랑세무서,중랑구,10,37.5928,127.073
1430,중랑구청,중랑구,20,37.6062,127.093
1435,능산삼거리,중랑구,15,37.6087,127.101
1442,(구)신한은행 중랑교지점,중랑구,8,37.5986,127.08
1401,극동늘푸른아파트,중랑구,15,37.6147,127.076
1427,용마산역 1번출구,중랑구,10,37.5743,127.087
1414,사가정역 1번출구,중랑구,10,37.5816,127.088
1422,신내우디안아파트 1단지,중랑구,10,37.6201,127.106
1441,신내능말공원,중랑구,15,37.6167,127.111
1413,봉화산역 5번출구 뒤,중랑구,10,37.6176,127.09
1453,중랑캠핑숲,중랑구,9,37.6046,127.109
1410,면목 대원칸타빌아파트,중랑구,10,37.5778,127.09
1458,상봉터미널2,중랑구,9,37.5973,127.093
1408,먹골역 6번출구 앞,중랑구,10,37.6107,127.077
1405,망우역 1번출구,중랑구,10,37.5991,127.093
1404,동일로 지하차도,중랑구,10,37.5953,127.08
1447,면목역 3번출구,중랑구,15,37.5889,127.087
1433,중화역 2번출구,중랑구,10,37.6021,127.08
1437,늘푸른공원 앞,중랑구,15,37.5834,127.08
1444,면목4치안센터,중랑구,10,37.574,127.081
1450,화랑대역 7번출구,중랑구,10,37.6196,127.085
1429,장안중학교,중랑구,15,37.6,127.08
1434,홈플러스 면목동점,중랑구,15,37.5799,127.082
1416,상봉역 3번출구,중랑구,10,37.5952,127.086
1425,용마문화복지센터,중랑구,10,37.5875,127.096
1411,상봉시장앞 교차로 한성빌딩 앞,중랑구,10,37.5925,127.087
1407,먹골역 1번출구 뒤,중랑구,10,37.6115,127.078
1421,신내역 4번출구,중랑구,20,37.6125,127.103
1418,새솔초등학교,중랑구,15,37.618,127.111
1412,면목초등학교,중랑구,10,37.591,127.087
1457,동원사거리,중랑구,10,37.5898,127.093
1455,상봉역 2번 출구,중랑구,10,37.5963,127.086
1446,중랑전화국 교차로,중랑구,10,37.5913,127.08
1452,겸재교 진입부,중랑구,15,37.5857,127.075
1402,금란주차장 앞,중랑구,10,37.6001,127.102
1431,중랑구청 사거리,중랑구,10,37.6065,127.095
1436,영풍마드레빌,중랑구,15,37.6059,127.101
1443,구립망우청소년독서실,중랑구,10,37.5955,127.099
1449,상봉역 1번출구,중랑구,15,37.5966,127.086
1428,원묵고등학교,중랑구,10,37.616,127.086
1426,면목도시개발아파트 1동 앞,중랑구,15,37.5736,127.087
1424,양원역 2번출구,중랑구,10,37.6063,127.108
1420,신내어울공원 앞,중랑구,15,37.6142,127.097
1440,하나은행 면목지점,중랑구,10,37.5864,127.08
1454,한국전력공사(동대문 중랑지사),중랑구,10,37.6073,127.079
1459,용마한신아파트사거리,중랑구,10,37.5803,127.093
1456,상아빌딩(우림시장 교차로),중랑구,10,37.5951,127.1
